Product Code,Product Name,2024-05-29,2024-05-30,2024-05-31,2024-06-01,2024-06-02,2024-06-03,2024-06-04,2024-06-05,2024-06-06,2024-06-07,2024-06-08,2024-06-09,2024-06-10,2024-06-11,2024-06-12,2024-06-13,2024-06-14,2024-06-15,2024-06-16,2024-06-17,2024-06-18,2024-06-19,2024-06-20,2024-06-21,2024-06-22,2024-06-23,2024-06-24,2024-06-25,2024-06-26,2024-06-27,2024-06-28,2024-06-29,2024-06-30,2024-07-01,2024-07-02,2024-07-03,2024-07-04,2024-07-05,2024-07-06,2024-07-07,2024-07-08,2024-07-09,2024-07-10,2024-07-11,2024-07-12,2024-07-13,2024-07-14,2024-07-15,2024-07-16,2024-07-17,2024-07-18,2024-07-19,2024-07-20,2024-07-21,2024-07-22,2024-07-23,2024-07-24,2024-07-25,2024-07-26,2024-07-27,2024-07-28,2024-07-29,2024-07-30,2024-07-31,2024-08-01,2024-08-02,2024-08-03,2024-08-04,2024-08-05,2024-08-06,2024-08-07,2024-08-08,2024-08-09,2024-08-10,2024-08-11,2024-08-12,2024-08-13,2024-08-14,2024-08-15,2024-08-16,2024-08-17,2024-08-18,2024-08-19,2024-08-20,2024-08-21,2024-08-22,2024-08-23,2024-08-24,2024-08-25,2024-08-26,2024-08-27,2024-08-28,2024-08-29,2024-08-30,2024-08-31,2024-09-01,2024-09-02,2024-09-03,2024-09-04,2024-09-05,2024-09-06,2024-09-07,2024-09-08,2024-09-09,2024-09-10,2024-09-11,2024-09-12,2024-09-13,2024-09-14,2024-09-15,2024-09-16,2024-09-17,2024-09-18,2024-09-19,2024-09-20,2024-09-21,2024-09-22,2024-09-23,2024-09-24,2024-09-25,2024-09-26,2024-09-27,2024-09-28,2024-09-29,2024-09-30,2024-10-01,2024-10-02,2024-10-03,2024-10-04,2024-10-05,2024-10-06,2024-10-07,2024-10-08,2024-10-09,2024-10-10,2024-10-11,2024-10-12,2024-10-13,2024-10-14,2024-10-15,2024-10-16,2024-10-17,2024-10-18,2024-10-19,2024-10-20,2024-10-21,2024-10-22,2024-10-23,2024-10-24,2024-10-25,2024-10-26,2024-10-27,2024-10-28,2024-10-29,2024-10-30,2024-10-31,2024-11-01,2024-11-02,2024-11-03,2024-11-04,2024-11-05,2024-11-06,2024-11-07,2024-11-08,2024-11-09,2024-11-10,2024-11-11,2024-11-12,2024-11-13,2024-11-14,2024-11-15,2024-11-16,2024-11-17,2024-11-18,2024-11-19,2024-11-20,2024-11-21,2024-11-22,2024-11-23,2024-11-24,2024-11-25,2024-11-26,2024-11-27,2024-11-28,2024-11-29,2024-11-30,2024-12-01,2024-12-02,2024-12-03,2024-12-04,2024-12-05,2024-12-06,2024-12-07,2024-12-08,2024-12-09,2024-12-10,2024-12-11,2024-12-12,2024-12-13,2024-12-14,2024-12-15,2024-12-16,2024-12-17,2024-12-18,2024-12-19,2024-12-20,2024-12-21,2024-12-22,2024-12-23,2024-12-24,2024-12-25,2024-12-26,2024-12-27,2024-12-28,2024-12-29,2024-12-30,2024-12-31,2025-01-01,2025-01-02,2025-01-03,2025-01-04,2025-01-05,2025-01-06,2025-01-07,2025-01-08,2025-01-09,2025-01-10,2025-01-11,2025-01-12,2025-01-13,2025-01-14,2025-01-15,2025-01-16,2025-01-17,2025-01-18,2025-01-19,2025-01-20,2025-01-21,2025-01-22,2025-01-23,2025-01-24,2025-01-25,2025-01-26,2025-01-27,2025-01-28,2025-01-29,2025-01-30,2025-01-31,2025-02-01,2025-02-02,2025-02-03,2025-02-04,2025-02-05,2025-02-06,2025-02-07,2025-02-08,2025-02-09,2025-02-10,2025-02-11,2025-02-12,2025-02-13,2025-02-14,2025-02-15,2025-02-16,2025-02-17,2025-02-18,2025-02-19,2025-02-20,2025-02-21,2025-02-22,2025-02-23,2025-02-24,2025-02-25,2025-02-26,2025-02-27,2025-02-28,2025-03-01,2025-03-02,2025-03-03,2025-03-04,2025-03-05,2025-03-06,2025-03-07,2025-03-08,2025-03-09,2025-03-10,2025-03-11,2025-03-12,2025-03-13,2025-03-14,2025-03-15,2025-03-16,2025-03-17,2025-03-18,2025-03-19,2025-03-20,2025-03-21,2025-03-22,2025-03-23,2025-03-24,2025-03-25,2025-03-26,2025-03-27,2025-03-28,2025-03-29,2025-03-30,2025-03-31,2025-04-01,2025-04-02,2025-04-03,2025-04-04,2025-04-05,2025-04-06,2025-04-07,2025-04-08,2025-04-09,2025-04-10,2025-04-11,2025-04-12,2025-04-13,2025-04-14,2025-04-15,2025-04-16,2025-04-17,2025-04-18,2025-04-19,2025-04-20,2025-04-21,2025-04-22,2025-04-23,2025-04-24,2025-04-25,2025-04-26,2025-04-27,2025-04-28,2025-04-29,2025-04-30,2025-05-01,2025-05-02,2025-05-03,2025-05-04,2025-05-05,2025-05-06,2025-05-07,2025-05-08,2025-05-09,2025-05-10,2025-05-11,2025-05-12,2025-05-13,2025-05-14,2025-05-15,2025-05-16,2025-05-17,2025-05-18,2025-05-19,2025-05-20,2025-05-21,2025-05-22,2025-05-23,2025-05-24,2025-05-25,2025-05-26,2025-05-27,2025-05-28
FG001,Finished Good A,4.0,5.0,6.0,9.0,5.0,6.0,7.0,8.0,8.0,5.0,5.0,8.0,4.0,5.0,6.0,9.0,5.0,6.0,7.0,8.0,8.0,5.0,5.0,8.0,4.0,5.0,6.0,9.0,5.0,6.0,7.0,8.0,8.0,5.0,5.0,9.0,4.0,5.0,6.0,9.0,5.0,6.0,7.0,8.0,8.0,5.0,6.0,9.0,4.0,5.0,6.0,9.0,5.0,6.0,8.0,9.0,9.0,5.0,6.0,9.0,4.0,6.0,7.0,9.0,6.0,7.0,8.0,9.0,9.0,5.0,6.0,9.0,5.0,6.0,7.0,10.0,6.0,7.0,8.0,9.0,9.0,6.0,6.0,9.0,5.0,6.0,7.0,10.0,6.0,7.0,8.0,9.0,9.0,6.0,6.0,9.0,5.0,6.0,7.0,10.0,6.0,7.0,8.0,9.0,9.0,6.0,6.0,9.0,5.0,6.0,7.0,10.0,6.0,7.0,8.0,9.0,9.0,6.0,6.0,10.0,5.0,6.0,7.0,10.0,6.0,7.0,8.0,9.0,9.0,6.0,7.0,10.0,5.0,6.0,7.0,10.0,6.0,7.0,9.0,10.0,10.0,6.0,7.0,10.0,5.0,7.0,8.0,10.0,7.0,8.0,9.0,10.0,10.0,6.0,7.0,10.0,6.0,7.0,8.0,11.0,7.0,8.0,9.0,10.0,10.0,7.0,7.0,10.0,6.0,7.0,8.0,11.0,7.0,8.0,9.0,10.0,10.0,7.0,7.0,10.0,6.0,7.0,8.0,11.0,7.0,8.0,9.0,10.0,10.0,7.0,7.0,10.0,6.0,7.0,8.0,11.0,7.0,8.0,9.0,10.0,10.0,7.0,7.0,10.0,6.0,7.0,8.0,11.0,7.0,8.0,9.0,10.0,10.0,7.0,7.0,11.0,6.0,7.0,8.0,11.0,7.0,8.0,10.0,11.0,11.0,7.0,8.0,11.0,6.0,7.0,9.0,11.0,8.0,9.0,10.0,11.0,11.0,7.0,8.0,11.0,7.0,8.0,9.0,12.0,8.0,9.0,10.0,11.0,11.0,7.0,8.0,11.0,7.0,8.0,9.0,12.0,8.0,9.0,10.0,11.0,11.0,8.0,8.0,11.0,7.0,8.0,9.0,12.0,8.0,9.0,10.0,11.0,11.0,8.0,8.0,11.0,7.0,8.0,9.0,12.0,8.0,9.0,10.0,11.0,11.0,8.0,8.0,11.0,7.0,8.0,9.0,12.0,8.0,9.0,10.0,11.0,11.0,8.0,8.0,12.0,7.0,8.0,9.0,12.0,8.0,9.0,11.0,11.0,12.0,8.0,9.0,12.0,7.0,8.0,9.0,12.0,9.0,10.0,11.0,12.0,12.0,8.0,9.0,12.0,8.0,9.0,10.0,12.0,9.0,10.0,11.0,12.0,12.0,8.0,9.0,12.0,8.0,9.0,10.0,13.0,9.0,10.0,11.0,12.0,12.0,9.0,9.0,12.0,8.0,9.0,10.0,13.0,9.0,10.0,11.0,12.0,12.0,9.0,9.0,12.0,8.0,9.0,10.0,13.0,9.0
FG002,Finished Good B,4.0,5.0,7.0,4.0,5.0,4.0,5.0,7.0,4.0,5.0,8.0,6.0,4.0,5.0,7.0,4.0,5.0,4.0,5.0,7.0,4.0,5.0,8.0,5.0,4.0,5.0,7.0,4.0,5.0,4.0,5.0,7.0,4.0,5.0,8.0,5.0,4.0,5.0,7.0,4.0,5.0,4.0,5.0,7.0,4.0,5.0,8.0,5.0,4.0,5.0,7.0,4.0,5.0,4.0,4.0,7.0,4.0,4.0,8.0,5.0,4.0,5.0,7.0,4.0,5.0,4.0,4.0,7.0,4.0,4.0,7.0,5.0,4.0,5.0,7.0,3.0,5.0,4.0,4.0,7.0,4.0,4.0,7.0,5.0,3.0,5.0,7.0,3.0,5.0,4.0,4.0,7.0,3.0,4.0,7.0,5.0,3.0,5.0,7.0,3.0,5.0,4.0,4.0,6.0,3.0,4.0,7.0,5.0,3.0,4.0,7.0,3.0,5.0,3.0,4.0,6.0,3.0,4.0,7.0,5.0,3.0,4.0,7.0,3.0,4.0,3.0,4.0,6.0,3.0,4.0,7.0,5.0,3.0,4.0,6.0,3.0,4.0,3.0,4.0,6.0,3.0,4.0,7.0,4.0,3.0,4.0,6.0,3.0,4.0,3.0,4.0,6.0,3.0,4.0,7.0,4.0,3.0,4.0,6.0,3.0,4.0,3.0,4.0,6.0,3.0,4.0,7.0,4.0,3.0,4.0,6.0,3.0,4.0,3.0,3.0,6.0,3.0,3.0,7.0,4.0,3.0,4.0,6.0,3.0,4.0,3.0,3.0,6.0,3.0,3.0,6.0,4.0,3.0,4.0,6.0,2.0,4.0,3.0,3.0,6.0,3.0,3.0,6.0,4.0,3.0,4.0,6.0,2.0,4.0,3.0,3.0,6.0,2.0,3.0,6.0,4.0,2.0,4.0,6.0,2.0,4.0,3.0,3.0,5.0,2.0,3.0,6.0,4.0,2.0,3.0,6.0,2.0,4.0,2.0,3.0,5.0,2.0,3.0,6.0,4.0,2.0,3.0,6.0,2.0,3.0,2.0,3.0,5.0,2.0,3.0,6.0,4.0,2.0,3.0,5.0,2.0,3.0,2.0,3.0,5.0,2.0,3.0,6.0,4.0,2.0,3.0,5.0,2.0,3.0,2.0,3.0,5.0,2.0,3.0,6.0,3.0,2.0,3.0,5.0,2.0,3.0,2.0,3.0,5.0,2.0,3.0,6.0,3.0,2.0,3.0,5.0,2.0,3.0,2.0,2.0,5.0,2.0,3.0,6.0,3.0,2.0,3.0,5.0,2.0,3.0,2.0,2.0,5.0,2.0,2.0,5.0,3.0,2.0,3.0,5.0,1.0,3.0,2.0,2.0,5.0,2.0,2.0,5.0,3.0,2.0,3.0,5.0,1.0,3.0,2.0,2.0,5.0,1.0,2.0,5.0,3.0,1.0,3.0,5.0,1.0,3.0,2.0,2.0,4.0,1.0,2.0,5.0,3.0,1.0,3.0,5.0,1.0,3.0,2.0,2.0,4.0,1.0,2.0,5.0,3.0,1.0,2.0,5.0,1.0,2.0
FG003,Finished Good C,10.0,12.0,10.0,11.0,11.0,11.0,12.0,13.0,9.0,11.0,13.0,12.0,10.0,12.0,11.0,12.0,11.0,11.0,12.0,13.0,9.0,11.0,14.0,12.0,10.0,12.0,11.0,12.0,11.0,11.0,12.0,13.0,9.0,11.0,14.0,12.0,10.0,12.0,11.0,12.0,11.0,11.0,12.0,13.0,9.0,11.0,14.0,13.0,10.0,12.0,11.0,12.0,11.0,11.0,12.0,13.0,9.0,11.0,14.0,13.0,10.0,12.0,11.0,12.0,11.0,11.0,12.0,13.0,9.0,11.0,14.0,13.0,10.0,12.0,11.0,12.0,11.0,11.0,12.0,13.0,10.0,11.0,14.0,13.0,10.0,13.0,11.0,12.0,11.0,11.0,12.0,14.0,10.0,11.0,14.0,13.0,10.0,13.0,11.0,12.0,11.0,11.0,12.0,14.0,10.0,11.0,14.0,13.0,10.0,13.0,11.0,12.0,11.0,11.0,13.0,14.0,10.0,11.0,14.0,13.0,11.0,13.0,11.0,12.0,11.0,11.0,13.0,14.0,10.0,11.0,14.0,13.0,11.0,13.0,11.0,12.0,11.0,11.0,13.0,14.0,10.0,11.0,14.0,13.0,11.0,13.0,11.0,12.0,12.0,12.0,13.0,14.0,10.0,11.0,14.0,13.0,11.0,13.0,11.0,12.0,12.0,12.0,13.0,14.0,10.0,12.0,14.0,13.0,11.0,13.0,12.0,13.0,12.0,12.0,13.0,14.0,10.0,12.0,15.0,13.0,11.0,13.0,12.0,13.0,12.0,12.0,13.0,14.0,10.0,12.0,15.0,13.0,11.0,13.0,12.0,13.0,12.0,12.0,13.0,14.0,10.0,12.0,15.0,14.0,11.0,13.0,12.0,13.0,12.0,12.0,13.0,14.0,10.0,12.0,15.0,14.0,11.0,13.0,12.0,13.0,12.0,12.0,13.0,14.0,10.0,12.0,15.0,14.0,11.0,13.0,12.0,13.0,12.0,12.0,13.0,14.0,10.0,12.0,15.0,14.0,11.0,13.0,12.0,13.0,12.0,12.0,13.0,15.0,11.0,12.0,15.0,14.0,11.0,14.0,12.0,13.0,12.0,12.0,13.0,15.0,11.0,12.0,15.0,14.0,11.0,14.0,12.0,13.0,12.0,12.0,14.0,15.0,11.0,12.0,15.0,14.0,12.0,14.0,12.0,13.0,12.0,12.0,14.0,15.0,11.0,12.0,15.0,14.0,12.0,14.0,12.0,13.0,12.0,12.0,14.0,15.0,11.0,12.0,15.0,14.0,12.0,14.0,12.0,13.0,13.0,13.0,14.0,15.0,11.0,12.0,15.0,14.0,12.0,14.0,12.0,13.0,13.0,13.0,14.0,15.0,11.0,13.0,15.0,14.0,12.0,14.0,13.0,14.0,13.0,13.0,14.0,15.0,11.0,13.0,16.0,14.0,12.0,14.0,13.0,14.0,13.0,13.0,14.0,15.0,11.0,13.0,16.0,14.0,12.0,14.0,13.0,14.0,13.0,13.0,14.0,15.0,11.0,13.0,16.0,15.0,12.0,14.0,13.0,14.0,13.0
FG004,Finished Good D,2.0,2.0,2.0,2.0,3.0,2.0,2.0,2.0,2.0,2.0,3.0,2.0,2.0,2.0,2.0,2.0,3.0,2.0,2.0,2.0,2.0,2.0,3.0,2.0,2.0,2.0,2.0,2.0,3.0,2.0,2.0,2.0,2.0,2.0,3.0,2.0,2.0,2.0,2.0,2.0,3.0,2.0,2.0,2.0,2.0,2.0,3.0,2.0,2.0,2.0,2.0,2.0,3.0,2.0,2.0,2.0,2.0,2.0,3.0,3.0,2.0,2.0,2.0,2.0,3.0,2.0,2.0,2.0,2.0,2.0,3.0,3.0,2.0,2.0,2.0,2.0,3.0,2.0,2.0,2.0,2.0,2.0,3.0,3.0,2.0,2.0,3.0,2.0,3.0,2.0,2.0,2.0,2.0,2.0,3.0,3.0,2.0,2.0,3.0,2.0,3.0,2.0,2.0,2.0,2.0,2.0,3.0,3.0,3.0,2.0,3.0,2.0,3.0,2.0,2.0,2.0,2.0,2.0,3.0,3.0,3.0,2.0,3.0,2.0,3.0,2.0,2.0,2.0,2.0,2.0,3.0,3.0,3.0,2.0,3.0,2.0,3.0,2.0,2.0,2.0,2.0,2.0,3.0,3.0,3.0,2.0,3.0,2.0,3.0,2.0,2.0,2.0,2.0,2.0,3.0,3.0,3.0,2.0,3.0,2.0,3.0,2.0,2.0,2.0,2.0,2.0,3.0,3.0,3.0,2.0,3.0,2.0,3.0,2.0,2.0,2.0,3.0,2.0,3.0,3.0,3.0,2.0,3.0,2.0,3.0,2.0,2.0,2.0,3.0,2.0,3.0,3.0,3.0,2.0,3.0,2.0,3.0,2.0,2.0,2.0,3.0,2.0,3.0,3.0,3.0,2.0,3.0,2.0,3.0,2.0,2.0,2.0,3.0,2.0,3.0,3.0,3.0,2.0,3.0,2.0,3.0,2.0,2.0,2.0,3.0,2.0,3.0,3.0,3.0,2.0,3.0,2.0,3.0,2.0,2.0,2.0,3.0,2.0,3.0,3.0,3.0,2.0,3.0,2.0,3.0,2.0,2.0,2.0,3.0,2.0,3.0,3.0,3.0,2.0,3.0,2.0,3.0,2.0,2.0,2.0,3.0,2.0,3.0,3.0,3.0,2.0,3.0,2.0,3.0,2.0,2.0,2.0,3.0,2.0,3.0,3.0,3.0,2.0,3.0,2.0,3.0,2.0,2.0,3.0,3.0,2.0,3.0,3.0,3.0,3.0,3.0,2.0,3.0,2.0,2.0,3.0,3.0,2.0,3.0,3.0,3.0,3.0,3.0,2.0,3.0,2.0,2.0,3.0,3.0,2.0,3.0,3.0,3.0,3.0,3.0,2.0,3.0,2.0,2.0,3.0,3.0,2.0,3.0,3.0,3.0,3.0,3.0,2.0,3.0,2.0,2.0,3.0,3.0,2.0,3.0,3.0,3.0,3.0,3.0,2.0,3.0,2.0,2.0,3.0,3.0,2.0,3.0,3.0,3.0,3.0,3.0,2.0,3.0,2.0,2.0,3.0,3.0,2.0,3.0,3.0,3.0,3.0,3.0,2.0,3.0
FG005,Finished Good E,3.0,2.0,3.0,3.0,4.0,3.0,3.0,2.0,3.0,3.0,3.0,3.0,3.0,2.0,3.0,3.0,4.0,3.0,3.0,2.0,3.0,3.0,3.0,3.0,3.0,2.0,3.0,3.0,4.0,3.0,3.0,2.0,3.0,3.0,3.0,3.0,3.0,2.0,3.0,3.0,4.0,3.0,3.0,2.0,3.0,3.0,3.0,3.0,3.0,2.0,3.0,3.0,4.0,3.0,3.0,2.0,3.0,3.0,3.0,3.0,3.0,2.0,3.0,4.0,4.0,3.0,3.0,2.0,3.0,3.0,3.0,3.0,3.0,2.0,3.0,4.0,4.0,3.0,3.0,2.0,3.0,3.0,3.0,3.0,3.0,2.0,3.0,4.0,4.0,3.0,3.0,2.0,3.0,3.0,3.0,3.0,3.0,2.0,3.0,4.0,4.0,3.0,3.0,2.0,3.0,3.0,3.0,3.0,3.0,2.0,3.0,4.0,4.0,3.0,3.0,2.0,3.0,3.0,3.0,3.0,3.0,2.0,3.0,4.0,4.0,3.0,3.0,2.0,3.0,3.0,3.0,3.0,3.0,2.0,3.0,4.0,4.0,3.0,3.0,2.0,3.0,3.0,3.0,3.0,3.0,2.0,3.0,4.0,4.0,3.0,3.0,2.0,3.0,3.0,3.0,3.0,3.0,2.0,3.0,4.0,4.0,3.0,3.0,2.0,3.0,3.0,3.0,3.0,3.0,2.0,3.0,4.0,4.0,3.0,3.0,2.0,3.0,3.0,3.0,3.0,3.0,2.0,3.0,4.0,4.0,3.0,3.0,2.0,3.0,3.0,3.0,3.0,3.0,2.0,3.0,4.0,4.0,3.0,3.0,2.0,3.0,3.0,3.0,3.0,3.0,2.0,3.0,4.0,4.0,3.0,3.0,2.0,3.0,3.0,3.0,3.0,3.0,2.0,3.0,4.0,4.0,3.0,3.0,3.0,3.0,3.0,3.0,3.0,3.0,2.0,3.0,4.0,4.0,3.0,3.0,3.0,3.0,3.0,3.0,3.0,3.0,2.0,3.0,4.0,4.0,3.0,4.0,3.0,3.0,3.0,3.0,4.0,3.0,2.0,3.0,4.0,4.0,3.0,4.0,3.0,3.0,4.0,3.0,4.0,3.0,2.0,3.0,4.0,4.0,3.0,4.0,3.0,3.0,4.0,3.0,4.0,4.0,2.0,3.0,4.0,4.0,3.0,4.0,3.0,3.0,4.0,3.0,4.0,4.0,2.0,3.0,4.0,4.0,3.0,4.0,3.0,3.0,4.0,3.0,4.0,4.0,2.0,3.0,4.0,4.0,4.0,4.0,3.0,4.0,4.0,3.0,4.0,4.0,3.0,3.0,4.0,4.0,4.0,4.0,3.0,4.0,4.0,3.0,4.0,4.0,3.0,3.0,4.0,4.0,4.0,4.0,3.0,4.0,4.0,3.0,4.0,4.0,3.0,4.0,4.0,4.0,4.0,4.0,3.0,4.0,4.0,3.0,4.0,4.0,3.0,4.0,4.0,4.0,4.0,4.0,3.0,4.0,4.0,3.0,4.0,4.0,3.0,4.0,4.0,4.0
FG006,Finished Good F,8.0,9.0,9.0,8.0,8.0,9.0,9.0,9.0,9.0,8.0,8.0,8.0,9.0,9.0,9.0,8.0,8.0,9.0,9.0,9.0,9.0,8.0,8.0,8.0,9.0,9.0,9.0,8.0,8.0,9.0,9.0,9.0,9.0,9.0,8.0,8.0,9.0,9.0,9.0,8.0,8.0,10.0,10.0,10.0,10.0,9.0,9.0,9.0,9.0,10.0,10.0,9.0,9.0,10.0,10.0,10.0,10.0,9.0,9.0,9.0,9.0,10.0,10.0,9.0,9.0,10.0,10.0,10.0,10.0,9.0,9.0,9.0,10.0,10.0,10.0,9.0,9.0,10.0,10.0,10.0,10.0,9.0,9.0,9.0,10.0,10.0,10.0,9.0,9.0,10.0,10.0,10.0,10.0,10.0,9.0,9.0,10.0,10.0,10.0,9.0,9.0,11.0,11.0,11.0,10.0,10.0,10.0,10.0,10.0,11.0,11.0,10.0,10.0,11.0,11.0,11.0,11.0,10.0,10.0,10.0,10.0,11.0,11.0,10.0,10.0,11.0,11.0,11.0,11.0,10.0,10.0,10.0,11.0,11.0,11.0,10.0,10.0,11.0,11.0,11.0,11.0,10.0,10.0,10.0,11.0,11.0,11.0,10.0,10.0,11.0,11.0,11.0,11.0,10.0,10.0,10.0,11.0,11.0,11.0,10.0,10.0,12.0,12.0,12.0,11.0,11.0,11.0,11.0,11.0,12.0,12.0,11.0,11.0,12.0,12.0,12.0,12.0,11.0,11.0,11.0,11.0,12.0,12.0,11.0,11.0,12.0,12.0,12.0,12.0,11.0,11.0,11.0,12.0,12.0,12.0,11.0,11.0,12.0,12.0,12.0,12.0,11.0,11.0,11.0,12.0,12.0,12.0,11.0,11.0,12.0,12.0,12.0,12.0,11.0,11.0,11.0,12.0,12.0,12.0,11.0,11.0,13.0,13.0,13.0,12.0,12.0,12.0,12.0,12.0,13.0,13.0,12.0,12.0,13.0,13.0,13.0,13.0,12.0,12.0,12.0,12.0,13.0,13.0,12.0,12.0,13.0,13.0,13.0,13.0,12.0,12.0,12.0,13.0,13.0,13.0,12.0,12.0,13.0,13.0,13.0,13.0,12.0,12.0,12.0,13.0,13.0,13.0,12.0,12.0,13.0,13.0,13.0,13.0,12.0,12.0,12.0,13.0,13.0,13.0,12.0,12.0,14.0,14.0,14.0,13.0,13.0,13.0,13.0,13.0,14.0,14.0,13.0,13.0,14.0,14.0,14.0,14.0,13.0,13.0,13.0,13.0,14.0,14.0,13.0,13.0,14.0,14.0,14.0,14.0,13.0,13.0,13.0,14.0,14.0,14.0,13.0,13.0,14.0,14.0,14.0,14.0,13.0,13.0,13.0,14.0,14.0,14.0,13.0,13.0,14.0,14.0,14.0,14.0,13.0,13.0,13.0,14.0,14.0,14.0,13.0,13.0,15.0,15.0,15.0,14.0,14.0,14.0,14.0,14.0,15.0,15.0,14.0,14.0,15.0,15.0,15.0,15.0,14.0,14.0,14.0,14.0,15.0,15.0,14.0,14.0
FG007,Finished Good G,6.0,5.0,5.0,5.0,6.0,5.0,5.0,6.0,6.0,6.0,6.0,5.0,6.0,5.0,5.0,6.0,6.0,5.0,5.0,6.0,6.0,6.0,6.0,6.0,6.0,6.0,6.0,6.0,6.0,6.0,5.0,6.0,6.0,6.0,6.0,6.0,6.0,6.0,6.0,6.0,6.0,6.0,5.0,6.0,6.0,6.0,6.0,6.0,6.0,6.0,6.0,6.0,6.0,6.0,5.0,6.0,6.0,6.0,6.0,6.0,6.0,6.0,6.0,6.0,6.0,6.0,6.0,6.0,6.0,6.0,6.0,6.0,6.0,6.0,6.0,6.0,6.0,6.0,6.0,6.0,7.0,6.0,6.0,6.0,6.0,6.0,6.0,6.0,7.0,6.0,6.0,6.0,7.0,6.0,7.0,6.0,7.0,6.0,6.0,6.0,7.0,6.0,6.0,6.0,7.0,6.0,7.0,6.0,7.0,6.0,6.0,6.0,7.0,6.0,6.0,7.0,7.0,7.0,7.0,6.0,7.0,6.0,6.0,7.0,7.0,6.0,6.0,7.0,7.0,7.0,7.0,7.0,7.0,7.0,7.0,7.0,7.0,7.0,6.0,7.0,7.0,7.0,7.0,7.0,7.0,7.0,7.0,7.0,7.0,7.0,6.0,7.0,7.0,7.0,7.0,7.0,7.0,7.0,7.0,7.0,7.0,7.0,6.0,7.0,7.0,7.0,7.0,7.0,7.0,7.0,7.0,7.0,7.0,7.0,7.0,7.0,7.0,7.0,7.0,7.0,7.0,7.0,7.0,7.0,7.0,7.0,7.0,7.0,8.0,7.0,7.0,7.0,7.0,7.0,7.0,7.0,8.0,7.0,7.0,7.0,8.0,7.0,7.0,7.0,8.0,7.0,7.0,7.0,8.0,7.0,7.0,7.0,8.0,7.0,8.0,7.0,8.0,7.0,7.0,7.0,8.0,7.0,7.0,8.0,8.0,8.0,8.0,7.0,8.0,7.0,7.0,8.0,8.0,7.0,7.0,8.0,8.0,8.0,8.0,8.0,8.0,8.0,8.0,8.0,8.0,7.0,7.0,8.0,8.0,8.0,8.0,8.0,8.0,8.0,8.0,8.0,8.0,8.0,7.0,8.0,8.0,8.0,8.0,8.0,8.0,8.0,8.0,8.0,8.0,8.0,7.0,8.0,8.0,8.0,8.0,8.0,8.0,8.0,8.0,8.0,8.0,8.0,8.0,8.0,8.0,8.0,8.0,8.0,8.0,8.0,8.0,8.0,8.0,8.0,8.0,8.0,8.0,8.0,8.0,8.0,8.0,8.0,8.0,8.0,9.0,8.0,8.0,8.0,9.0,8.0,8.0,8.0,9.0,8.0,8.0,8.0,9.0,8.0,8.0,8.0,9.0,8.0,9.0,8.0,9.0,8.0,8.0,8.0,9.0,8.0,8.0,9.0,9.0,9.0,9.0,8.0,9.0,8.0,8.0,9.0,9.0,8.0,8.0,9.0,9.0,9.0,9.0,9.0,9.0,9.0,9.0,9.0,9.0,8.0,8.0,9.0,9.0,9.0,9.0,9.0,9.0,9.0,9.0,9.0,9.0
FG008,Finished Good H,7.0,7.0,8.0,8.0,8.0,8.0,8.0,7.0,8.0,8.0,7.0,8.0,7.0,7.0,9.0,8.0,8.0,8.0,8.0,7.0,8.0,8.0,8.0,8.0,7.0,7.0,9.0,8.0,8.0,8.0,9.0,7.0,9.0,8.0,8.0,9.0,7.0,8.0,9.0,8.0,8.0,8.0,9.0,7.0,9.0,8.0,8.0,9.0,7.0,8.0,9.0,8.0,8.0,9.0,9.0,8.0,9.0,8.0,8.0,9.0,8.0,8.0,9.0,9.0,8.0,9.0,9.0,8.0,9.0,9.0,8.0,9.0,8.0,8.0,9.0,9.0,9.0,9.0,9.0,8.0,9.0,9.0,8.0,9.0,8.0,8.0,10.0,9.0,9.0,9.0,9.0,8.0,10.0,9.0,9.0,9.0,8.0,8.0,10.0,9.0,9.0,9.0,10.0,8.0,10.0,9.0,9.0,10.0,8.0,9.0,10.0,9.0,9.0,10.0,10.0,9.0,10.0,9.0,9.0,10.0,9.0,9.0,10.0,9.0,9.0,10.0,10.0,9.0,10.0,10.0,9.0,10.0,9.0,9.0,10.0,10.0,10.0,10.0,10.0,9.0,10.0,10.0,9.0,10.0,9.0,9.0,11.0,10.0,10.0,10.0,10.0,9.0,10.0,10.0,10.0,10.0,9.0,9.0,11.0,10.0,10.0,10.0,11.0,9.0,11.0,10.0,10.0,11.0,9.0,10.0,11.0,10.0,10.0,10.0,11.0,9.0,11.0,10.0,10.0,11.0,9.0,10.0,11.0,10.0,10.0,11.0,11.0,10.0,11.0,10.0,10.0,11.0,10.0,10.0,11.0,11.0,10.0,11.0,11.0,10.0,11.0,11.0,10.0,11.0,10.0,10.0,11.0,11.0,11.0,11.0,11.0,10.0,11.0,11.0,10.0,11.0,10.0,10.0,12.0,11.0,11.0,11.0,11.0,10.0,12.0,11.0,11.0,11.0,10.0,11.0,12.0,11.0,11.0,11.0,12.0,10.0,12.0,11.0,11.0,12.0,10.0,11.0,12.0,11.0,11.0,12.0,12.0,11.0,12.0,11.0,11.0,12.0,11.0,11.0,12.0,11.0,11.0,12.0,12.0,11.0,12.0,12.0,11.0,12.0,11.0,11.0,12.0,12.0,12.0,12.0,12.0,11.0,12.0,12.0,11.0,12.0,11.0,11.0,13.0,12.0,12.0,12.0,12.0,11.0,12.0,12.0,12.0,12.0,11.0,11.0,13.0,12.0,12.0,12.0,13.0,11.0,13.0,12.0,12.0,13.0,11.0,12.0,13.0,12.0,12.0,13.0,13.0,11.0,13.0,12.0,12.0,13.0,11.0,12.0,13.0,12.0,12.0,13.0,13.0,12.0,13.0,13.0,12.0,13.0,12.0,12.0,13.0,13.0,12.0,13.0,13.0,12.0,13.0,13.0,12.0,13.0,12.0,12.0,13.0,13.0,13.0,13.0,13.0,12.0,13.0,13.0,12.0,13.0,12.0,12.0,14.0,13.0,13.0,13.0,14.0,12.0,14.0,13.0,13.0,14.0,12.0,13.0,14.0,13.0,13.0
FG009,Finished Good I,14.0,14.0,17.0,16.0,16.0,13.0,15.0,16.0,13.0,14.0,14.0,15.0,15.0,14.0,17.0,16.0,16.0,13.0,15.0,16.0,13.0,14.0,14.0,16.0,15.0,15.0,17.0,16.0,16.0,14.0,15.0,16.0,14.0,14.0,14.0,16.0,15.0,15.0,18.0,17.0,17.0,14.0,15.0,16.0,14.0,15.0,15.0,16.0,15.0,15.0,18.0,17.0,17.0,14.0,16.0,17.0,14.0,15.0,15.0,16.0,15.0,15.0,18.0,17.0,17.0,14.0,16.0,17.0,14.0,15.0,15.0,17.0,16.0,15.0,18.0,17.0,17.0,14.0,16.0,17.0,15.0,15.0,15.0,17.0,16.0,16.0,18.0,18.0,18.0,15.0,16.0,17.0,15.0,15.0,16.0,17.0,16.0,16.0,19.0,18.0,18.0,15.0,17.0,17.0,15.0,16.0,16.0,17.0,16.0,16.0,19.0,18.0,18.0,15.0,17.0,18.0,15.0,16.0,16.0,17.0,17.0,16.0,19.0,18.0,18.0,15.0,17.0,18.0,15.0,16.0,16.0,18.0,17.0,17.0,19.0,18.0,18.0,16.0,17.0,18.0,16.0,16.0,16.0,18.0,17.0,17.0,20.0,19.0,19.0,16.0,17.0,18.0,16.0,17.0,17.0,18.0,17.0,17.0,20.0,19.0,19.0,16.0,18.0,19.0,16.0,17.0,17.0,18.0,17.0,17.0,20.0,19.0,19.0,16.0,18.0,19.0,16.0,17.0,17.0,19.0,18.0,17.0,20.0,19.0,19.0,16.0,18.0,19.0,17.0,17.0,17.0,19.0,18.0,18.0,20.0,20.0,20.0,17.0,18.0,19.0,17.0,17.0,18.0,19.0,18.0,18.0,21.0,20.0,20.0,17.0,19.0,19.0,17.0,18.0,18.0,19.0,18.0,18.0,21.0,20.0,20.0,17.0,19.0,20.0,17.0,18.0,18.0,19.0,19.0,18.0,21.0,20.0,20.0,17.0,19.0,20.0,17.0,18.0,18.0,20.0,19.0,19.0,21.0,20.0,20.0,17.0,19.0,20.0,18.0,18.0,18.0,20.0,19.0,19.0,22.0,21.0,21.0,18.0,19.0,20.0,18.0,19.0,19.0,20.0,19.0,19.0,22.0,21.0,21.0,18.0,20.0,21.0,18.0,19.0,19.0,20.0,19.0,19.0,22.0,21.0,21.0,18.0,20.0,21.0,18.0,19.0,19.0,21.0,20.0,19.0,22.0,21.0,21.0,18.0,20.0,21.0,19.0,19.0,19.0,21.0,20.0,20.0,22.0,22.0,22.0,19.0,20.0,21.0,19.0,19.0,20.0,21.0,20.0,20.0,23.0,22.0,22.0,19.0,21.0,21.0,19.0,20.0,20.0,21.0,20.0,20.0,23.0,22.0,22.0,19.0,21.0,22.0,19.0,20.0,20.0,21.0,21.0,20.0,23.0,22.0,22.0,19.0,21.0,22.0,19.0,20.0,20.0,22.0,21.0,21.0,23.0,22.0,22.0,19.0,21.0,22.0,20.0,20.0,20.0,22.0,21.0,21.0,24.0,23.0,23.0
FG010,Finished Good J,37.0,39.0,36.0,40.0,36.0,38.0,40.0,36.0,38.0,35.0,36.0,39.0,37.0,40.0,36.0,40.0,36.0,39.0,41.0,36.0,39.0,36.0,36.0,39.0,37.0,40.0,37.0,41.0,36.0,39.0,41.0,36.0,39.0,36.0,36.0,39.0,38.0,40.0,37.0,41.0,37.0,39.0,41.0,36.0,39.0,36.0,37.0,40.0,38.0,41.0,37.0,41.0,37.0,40.0,42.0,37.0,39.0,36.0,37.0,40.0,38.0,41.0,37.0,41.0,37.0,40.0,42.0,37.0,40.0,37.0,37.0,40.0,39.0,41.0,38.0,42.0,38.0,40.0,42.0,37.0,40.0,37.0,38.0,41.0,39.0,41.0,38.0,42.0,38.0,40.0,42.0,38.0,40.0,37.0,38.0,41.0,39.0,42.0,38.0,42.0,38.0,41.0,43.0,38.0,41.0,38.0,38.0,41.0,39.0,42.0,39.0,43.0,39.0,41.0,43.0,38.0,41.0,38.0,38.0,42.0,40.0,42.0,39.0,43.0,39.0,41.0,43.0,38.0,41.0,38.0,39.0,42.0,40.0,43.0,39.0,43.0,39.0,42.0,44.0,39.0,41.0,38.0,39.0,42.0,40.0,43.0,39.0,43.0,39.0,42.0,44.0,39.0,42.0,39.0,39.0,42.0,41.0,43.0,40.0,44.0,40.0,42.0,44.0,39.0,42.0,39.0,40.0,43.0,41.0,43.0,40.0,44.0,40.0,42.0,44.0,40.0,42.0,39.0,40.0,43.0,41.0,44.0,40.0,44.0,40.0,43.0,45.0,40.0,43.0,40.0,40.0,43.0,41.0,44.0,41.0,45.0,41.0,43.0,45.0,40.0,43.0,40.0,40.0,44.0,42.0,44.0,41.0,45.0,41.0,43.0,45.0,40.0,43.0,40.0,41.0,44.0,42.0,45.0,41.0,45.0,41.0,44.0,46.0,41.0,44.0,40.0,41.0,44.0,42.0,45.0,41.0,45.0,41.0,44.0,46.0,41.0,44.0,41.0,41.0,44.0,43.0,45.0,42.0,46.0,42.0,44.0,46.0,41.0,44.0,41.0,42.0,45.0,43.0,45.0,42.0,46.0,42.0,44.0,46.0,42.0,44.0,41.0,42.0,45.0,43.0,46.0,42.0,46.0,42.0,45.0,47.0,42.0,45.0,42.0,42.0,45.0,44.0,46.0,43.0,47.0,43.0,45.0,47.0,42.0,45.0,42.0,43.0,46.0,44.0,46.0,43.0,47.0,43.0,45.0,47.0,42.0,45.0,42.0,43.0,46.0,44.0,47.0,43.0,47.0,43.0,46.0,48.0,43.0,46.0,42.0,43.0,46.0,44.0,47.0,43.0,47.0,43.0,46.0,48.0,43.0,46.0,43.0,43.0,46.0,45.0,47.0,44.0,48.0,44.0,46.0,48.0,43.0,46.0,43.0,44.0,47.0,45.0,47.0,44.0,48.0,44.0,46.0,48.0,44.0,46.0,43.0,44.0,47.0,45.0,48.0,44.0,48.0,44.0,47.0,49.0,44.0,47.0,44.0,44.0,47.0,46.0,48.0,45.0,49.0,45.0
FG011,Finished Good K,25.0,25.0,24.0,22.0,24.0,23.0,22.0,23.0,22.0,25.0,23.0,22.0,25.0,25.0,24.0,22.0,25.0,23.0,22.0,24.0,22.0,25.0,24.0,22.0,26.0,26.0,25.0,23.0,25.0,23.0,23.0,24.0,22.0,25.0,24.0,23.0,26.0,26.0,25.0,23.0,25.0,24.0,23.0,24.0,23.0,26.0,24.0,23.0,26.0,26.0,25.0,23.0,26.0,24.0,23.0,24.0,23.0,26.0,24.0,23.0,26.0,27.0,26.0,24.0,26.0,24.0,23.0,25.0,23.0,26.0,25.0,23.0,27.0,27.0,26.0,24.0,26.0,24.0,24.0,25.0,23.0,27.0,25.0,24.0,27.0,27.0,26.0,24.0,26.0,25.0,24.0,25.0,24.0,27.0,25.0,24.0,27.0,27.0,26.0,24.0,27.0,25.0,24.0,26.0,24.0,27.0,25.0,24.0,27.0,28.0,27.0,25.0,27.0,25.0,24.0,26.0,24.0,27.0,26.0,24.0,28.0,28.0,27.0,25.0,27.0,26.0,25.0,26.0,24.0,28.0,26.0,25.0,28.0,28.0,27.0,25.0,27.0,26.0,25.0,26.0,25.0,28.0,26.0,25.0,28.0,28.0,27.0,25.0,28.0,26.0,25.0,27.0,25.0,28.0,26.0,25.0,29.0,29.0,28.0,26.0,28.0,26.0,26.0,27.0,25.0,28.0,27.0,26.0,29.0,29.0,28.0,26.0,28.0,27.0,26.0,27.0,25.0,29.0,27.0,26.0,29.0,29.0,28.0,26.0,28.0,27.0,26.0,27.0,26.0,29.0,27.0,26.0,29.0,29.0,28.0,26.0,29.0,27.0,26.0,28.0,26.0,29.0,27.0,26.0,30.0,30.0,29.0,27.0,29.0,27.0,27.0,28.0,26.0,29.0,28.0,27.0,30.0,30.0,29.0,27.0,29.0,28.0,27.0,28.0,27.0,30.0,28.0,27.0,30.0,30.0,29.0,27.0,30.0,28.0,27.0,28.0,27.0,30.0,28.0,27.0,30.0,31.0,29.0,27.0,30.0,28.0,27.0,29.0,27.0,30.0,29.0,27.0,31.0,31.0,30.0,28.0,30.0,28.0,28.0,29.0,27.0,30.0,29.0,28.0,31.0,31.0,30.0,28.0,30.0,29.0,28.0,29.0,28.0,31.0,29.0,28.0,31.0,31.0,30.0,28.0,31.0,29.0,28.0,29.0,28.0,31.0,29.0,28.0,31.0,32.0,31.0,29.0,31.0,29.0,28.0,30.0,28.0,31.0,30.0,28.0,32.0,32.0,31.0,29.0,31.0,29.0,29.0,30.0,28.0,32.0,30.0,29.0,32.0,32.0,31.0,29.0,31.0,30.0,29.0,30.0,29.0,32.0,30.0,29.0,32.0,32.0,31.0,29.0,32.0,30.0,29.0,31.0,29.0,32.0,30.0,29.0,32.0,33.0,32.0,30.0,32.0,30.0,29.0,31.0,29.0,32.0,31.0,29.0,33.0,33.0,32.0,30.0,32.0,31.0,30.0,31.0,29.0,33.0,31.0,30.0,33.0,33.0,32.0,30.0,32.0
FG012,Finished Good L,45.0,46.0,46.0,45.0,44.0,45.0,47.0,44.0,42.0,45.0,45.0,45.0,45.0,46.0,46.0,45.0,44.0,45.0,47.0,44.0,42.0,45.0,45.0,44.0,45.0,46.0,46.0,45.0,44.0,45.0,47.0,44.0,42.0,45.0,45.0,44.0,45.0,46.0,46.0,45.0,44.0,45.0,46.0,44.0,42.0,44.0,45.0,44.0,45.0,46.0,46.0,45.0,44.0,45.0,46.0,44.0,42.0,44.0,45.0,44.0,45.0,45.0,46.0,45.0,44.0,45.0,46.0,44.0,42.0,44.0,45.0,44.0,45.0,45.0,45.0,45.0,44.0,45.0,46.0,43.0,42.0,44.0,45.0,44.0,45.0,45.0,45.0,45.0,44.0,45.0,46.0,43.0,41.0,44.0,45.0,44.0,45.0,45.0,45.0,44.0,43.0,45.0,46.0,43.0,41.0,44.0,45.0,44.0,45.0,45.0,45.0,44.0,43.0,45.0,46.0,43.0,41.0,44.0,45.0,44.0,44.0,45.0,45.0,44.0,43.0,44.0,46.0,43.0,41.0,44.0,45.0,44.0,44.0,45.0,45.0,44.0,43.0,44.0,46.0,43.0,41.0,44.0,44.0,44.0,44.0,45.0,45.0,44.0,43.0,44.0,46.0,43.0,41.0,44.0,44.0,43.0,44.0,45.0,45.0,44.0,43.0,44.0,45.0,43.0,41.0,44.0,44.0,43.0,44.0,45.0,45.0,44.0,43.0,44.0,45.0,43.0,41.0,43.0,44.0,43.0,44.0,45.0,45.0,44.0,43.0,44.0,45.0,43.0,41.0,43.0,44.0,43.0,44.0,44.0,44.0,44.0,43.0,44.0,45.0,42.0,41.0,43.0,44.0,43.0,44.0,44.0,44.0,44.0,43.0,44.0,45.0,42.0,41.0,43.0,44.0,43.0,44.0,44.0,44.0,43.0,43.0,44.0,45.0,42.0,40.0,43.0,44.0,43.0,44.0,44.0,44.0,43.0,42.0,44.0,45.0,42.0,40.0,43.0,44.0,43.0,44.0,44.0,44.0,43.0,42.0,44.0,45.0,42.0,40.0,43.0,44.0,43.0,43.0,44.0,44.0,43.0,42.0,43.0,45.0,42.0,40.0,43.0,43.0,43.0,43.0,44.0,44.0,43.0,42.0,43.0,45.0,42.0,40.0,43.0,43.0,42.0,43.0,44.0,44.0,43.0,42.0,43.0,45.0,42.0,40.0,43.0,43.0,42.0,43.0,44.0,44.0,43.0,42.0,43.0,44.0,42.0,40.0,42.0,43.0,42.0,43.0,44.0,44.0,43.0,42.0,43.0,44.0,42.0,40.0,42.0,43.0,42.0,43.0,44.0,44.0,43.0,42.0,43.0,44.0,42.0,40.0,42.0,43.0,42.0,43.0,43.0,43.0,43.0,42.0,43.0,44.0,41.0,40.0,42.0,43.0,42.0,43.0,43.0,43.0,43.0,42.0,43.0,44.0,41.0,40.0,42.0,43.0,42.0,43.0,43.0,43.0,42.0,41.0,43.0,44.0,41.0,39.0,42.0,43.0,42.0,43.0,43.0,43.0,42.0,41.0
FG013,Finished Good M,22.0,26.0,24.0,25.0,27.0,23.0,25.0,23.0,22.0,25.0,24.0,27.0,23.0,26.0,24.0,25.0,27.0,23.0,25.0,24.0,22.0,25.0,24.0,27.0,23.0,26.0,24.0,25.0,27.0,23.0,25.0,24.0,22.0,25.0,25.0,27.0,23.0,26.0,24.0,25.0,27.0,24.0,25.0,24.0,22.0,25.0,25.0,27.0,23.0,26.0,24.0,25.0,27.0,24.0,25.0,24.0,22.0,25.0,25.0,27.0,23.0,26.0,24.0,25.0,27.0,24.0,25.0,24.0,22.0,25.0,25.0,27.0,23.0,26.0,24.0,25.0,27.0,24.0,25.0,24.0,22.0,25.0,25.0,27.0,23.0,26.0,24.0,25.0,27.0,24.0,25.0,24.0,22.0,25.0,25.0,27.0,23.0,26.0,24.0,25.0,27.0,24.0,25.0,24.0,22.0,26.0,25.0,27.0,23.0,26.0,24.0,25.0,27.0,24.0,25.0,24.0,22.0,26.0,25.0,27.0,23.0,26.0,24.0,25.0,27.0,24.0,26.0,24.0,22.0,26.0,25.0,27.0,23.0,26.0,24.0,25.0,27.0,24.0,26.0,24.0,22.0,26.0,25.0,27.0,23.0,26.0,25.0,25.0,27.0,24.0,26.0,24.0,23.0,26.0,25.0,27.0,23.0,26.0,25.0,25.0,27.0,24.0,26.0,24.0,23.0,26.0,25.0,27.0,23.0,26.0,25.0,25.0,28.0,24.0,26.0,24.0,23.0,26.0,25.0,27.0,23.0,26.0,25.0,26.0,28.0,24.0,26.0,24.0,23.0,26.0,25.0,27.0,23.0,26.0,25.0,26.0,28.0,24.0,26.0,24.0,23.0,26.0,25.0,28.0,23.0,26.0,25.0,26.0,28.0,24.0,26.0,24.0,23.0,26.0,25.0,28.0,23.0,27.0,25.0,26.0,28.0,24.0,26.0,25.0,23.0,26.0,25.0,28.0,24.0,27.0,25.0,26.0,28.0,24.0,26.0,25.0,23.0,26.0,26.0,28.0,24.0,27.0,25.0,26.0,28.0,24.0,26.0,25.0,23.0,26.0,26.0,28.0,24.0,27.0,25.0,26.0,28.0,25.0,26.0,25.0,23.0,26.0,26.0,28.0,24.0,27.0,25.0,26.0,28.0,25.0,26.0,25.0,23.0,26.0,26.0,28.0,24.0,27.0,25.0,26.0,28.0,25.0,26.0,25.0,23.0,26.0,26.0,28.0,24.0,27.0,25.0,26.0,28.0,25.0,26.0,25.0,23.0,26.0,26.0,28.0,24.0,27.0,25.0,26.0,28.0,25.0,26.0,25.0,23.0,26.0,26.0,28.0,24.0,27.0,25.0,26.0,28.0,25.0,26.0,25.0,23.0,27.0,26.0,28.0,24.0,27.0,25.0,26.0,28.0,25.0,27.0,25.0,23.0,27.0,26.0,28.0,24.0,27.0,25.0,26.0,28.0,25.0,27.0,25.0,23.0,27.0,26.0,28.0,24.0,27.0,26.0,26.0,28.0,25.0,27.0,25.0,23.0,27.0,26.0,28.0,24.0,27.0,26.0,26.0,28.0
FG014,Finished Good N,27.0,29.0,28.0,29.0,25.0,27.0,28.0,26.0,27.0,29.0,27.0,25.0,28.0,30.0,28.0,30.0,25.0,27.0,28.0,27.0,27.0,30.0,28.0,25.0,28.0,30.0,29.0,30.0,26.0,28.0,29.0,28.0,28.0,31.0,29.0,26.0,29.0,31.0,30.0,31.0,27.0,28.0,30.0,28.0,28.0,31.0,29.0,27.0,30.0,32.0,30.0,32.0,27.0,29.0,30.0,29.0,29.0,32.0,30.0,27.0,30.0,32.0,31.0,32.0,28.0,30.0,31.0,30.0,30.0,32.0,31.0,28.0,31.0,33.0,32.0,33.0,29.0,30.0,31.0,30.0,30.0,33.0,31.0,29.0,32.0,33.0,32.0,34.0,29.0,31.0,32.0,31.0,31.0,34.0,32.0,29.0,32.0,34.0,33.0,34.0,30.0,32.0,33.0,32.0,32.0,34.0,33.0,30.0,33.0,35.0,33.0,35.0,31.0,32.0,33.0,32.0,32.0,35.0,33.0,31.0,34.0,35.0,34.0,36.0,31.0,33.0,34.0,33.0,33.0,36.0,34.0,31.0,34.0,36.0,35.0,36.0,32.0,34.0,35.0,33.0,34.0,36.0,35.0,32.0,35.0,37.0,35.0,37.0,33.0,34.0,35.0,34.0,34.0,37.0,35.0,32.0,35.0,37.0,36.0,38.0,33.0,35.0,36.0,35.0,35.0,38.0,36.0,33.0,36.0,38.0,37.0,38.0,34.0,36.0,37.0,35.0,36.0,38.0,36.0,34.0,37.0,39.0,37.0,39.0,34.0,36.0,37.0,36.0,36.0,39.0,37.0,34.0,37.0,39.0,38.0,39.0,35.0,37.0,38.0,37.0,37.0,40.0,38.0,35.0,38.0,40.0,39.0,40.0,36.0,37.0,39.0,37.0,37.0,40.0,38.0,36.0,39.0,41.0,39.0,41.0,36.0,38.0,39.0,38.0,38.0,41.0,39.0,36.0,39.0,41.0,40.0,41.0,37.0,39.0,40.0,39.0,39.0,41.0,40.0,37.0,40.0,42.0,41.0,42.0,38.0,39.0,40.0,39.0,39.0,42.0,40.0,38.0,41.0,42.0,41.0,43.0,38.0,40.0,41.0,40.0,40.0,43.0,41.0,38.0,41.0,43.0,42.0,43.0,39.0,41.0,42.0,40.0,41.0,43.0,42.0,39.0,42.0,44.0,42.0,44.0,40.0,41.0,42.0,41.0,41.0,44.0,42.0,40.0,42.0,44.0,43.0,45.0,40.0,42.0,43.0,42.0,42.0,45.0,43.0,40.0,43.0,45.0,44.0,45.0,41.0,43.0,44.0,42.0,43.0,45.0,43.0,41.0,44.0,46.0,44.0,46.0,41.0,43.0,44.0,43.0,43.0,46.0,44.0,41.0,44.0,46.0,45.0,46.0,42.0,44.0,45.0,44.0,44.0,47.0,45.0,42.0,45.0,47.0,46.0,47.0,43.0,44.0,46.0,44.0,44.0,47.0,45.0,43.0,46.0,48.0,46.0,48.0,43.0,45.0,46.0,45.0,45.0,48.0,46.0,43.0,46.0,48.0,47.0,48.0,44.0
FG015,Finished Good O,16.0,17.0,18.0,17.0,16.0,17.0,19.0,18.0,16.0,17.0,15.0,16.0,17.0,17.0,19.0,18.0,16.0,17.0,19.0,18.0,17.0,17.0,15.0,16.0,17.0,18.0,19.0,18.0,17.0,17.0,20.0,19.0,17.0,18.0,16.0,16.0,17.0,18.0,19.0,19.0,17.0,18.0,20.0,19.0,17.0,18.0,16.0,17.0,18.0,18.0,20.0,19.0,18.0,18.0,20.0,20.0,18.0,18.0,17.0,17.0,18.0,19.0,20.0,19.0,18.0,18.0,21.0,20.0,18.0,19.0,17.0,17.0,19.0,19.0,20.0,20.0,18.0,19.0,21.0,20.0,19.0,19.0,17.0,18.0,19.0,19.0,21.0,20.0,19.0,19.0,22.0,21.0,19.0,19.0,18.0,18.0,19.0,20.0,21.0,20.0,19.0,20.0,22.0,21.0,19.0,20.0,18.0,19.0,20.0,20.0,22.0,21.0,19.0,20.0,22.0,21.0,20.0,20.0,18.0,19.0,20.0,21.0,22.0,21.0,20.0,20.0,23.0,22.0,20.0,21.0,19.0,19.0,20.0,21.0,22.0,21.0,20.0,21.0,23.0,22.0,20.0,21.0,19.0,20.0,21.0,21.0,23.0,22.0,20.0,21.0,23.0,22.0,21.0,21.0,19.0,20.0,21.0,22.0,23.0,22.0,21.0,21.0,24.0,23.0,21.0,22.0,20.0,20.0,21.0,22.0,23.0,23.0,21.0,22.0,24.0,23.0,21.0,22.0,20.0,21.0,22.0,22.0,24.0,23.0,22.0,22.0,24.0,24.0,22.0,22.0,21.0,21.0,22.0,23.0,24.0,23.0,22.0,22.0,25.0,24.0,22.0,23.0,21.0,21.0,23.0,23.0,24.0,24.0,22.0,23.0,25.0,24.0,23.0,23.0,21.0,22.0,23.0,23.0,25.0,24.0,23.0,23.0,26.0,25.0,23.0,23.0,22.0,22.0,23.0,24.0,25.0,24.0,23.0,24.0,26.0,25.0,23.0,24.0,22.0,23.0,24.0,24.0,26.0,25.0,23.0,24.0,26.0,25.0,24.0,24.0,22.0,23.0,24.0,25.0,26.0,25.0,24.0,24.0,27.0,26.0,24.0,25.0,23.0,23.0,24.0,25.0,26.0,25.0,24.0,25.0,27.0,26.0,24.0,25.0,23.0,24.0,25.0,25.0,27.0,26.0,24.0,25.0,27.0,26.0,25.0,25.0,23.0,24.0,25.0,26.0,27.0,26.0,25.0,25.0,28.0,27.0,25.0,26.0,24.0,24.0,25.0,26.0,27.0,27.0,25.0,26.0,28.0,27.0,25.0,26.0,24.0,25.0,26.0,26.0,28.0,27.0,25.0,26.0,28.0,28.0,26.0,26.0,24.0,25.0,26.0,27.0,28.0,27.0,26.0,26.0,29.0,28.0,26.0,27.0,25.0,25.0,27.0,27.0,28.0,28.0,26.0,27.0,29.0,28.0,27.0,27.0,25.0,26.0,27.0,27.0,29.0,28.0,27.0,27.0,30.0,29.0,27.0,27.0,26.0,26.0,27.0,28.0,29.0,28.0,27.0
FG016,Finished Good P,14.0,15.0,15.0,15.0,15.0,13.0,14.0,14.0,14.0,12.0,13.0,13.0,14.0,15.0,15.0,16.0,15.0,13.0,14.0,14.0,15.0,13.0,14.0,14.0,14.0,15.0,15.0,16.0,15.0,13.0,14.0,14.0,15.0,13.0,14.0,14.0,14.0,15.0,16.0,16.0,15.0,13.0,15.0,15.0,15.0,13.0,14.0,14.0,15.0,16.0,16.0,16.0,16.0,14.0,15.0,15.0,15.0,13.0,14.0,14.0,15.0,16.0,16.0,17.0,16.0,14.0,15.0,15.0,16.0,14.0,15.0,15.0,15.0,16.0,16.0,17.0,16.0,14.0,15.0,15.0,16.0,14.0,15.0,15.0,15.0,16.0,17.0,17.0,16.0,14.0,16.0,16.0,16.0,14.0,15.0,15.0,16.0,17.0,17.0,17.0,17.0,15.0,16.0,16.0,16.0,14.0,15.0,15.0,16.0,17.0,17.0,18.0,17.0,15.0,16.0,16.0,17.0,15.0,16.0,15.0,16.0,17.0,17.0,18.0,17.0,15.0,16.0,16.0,17.0,15.0,16.0,16.0,16.0,17.0,18.0,18.0,17.0,15.0,17.0,17.0,17.0,15.0,16.0,16.0,17.0,18.0,18.0,18.0,18.0,16.0,17.0,17.0,17.0,15.0,16.0,16.0,17.0,18.0,18.0,19.0,18.0,16.0,17.0,17.0,18.0,16.0,17.0,16.0,17.0,18.0,18.0,19.0,18.0,16.0,17.0,17.0,18.0,16.0,17.0,17.0,17.0,18.0,18.0,19.0,18.0,16.0,18.0,18.0,18.0,16.0,17.0,17.0,18.0,19.0,19.0,19.0,19.0,17.0,18.0,18.0,18.0,16.0,17.0,17.0,18.0,19.0,19.0,20.0,19.0,17.0,18.0,18.0,19.0,16.0,18.0,17.0,18.0,19.0,19.0,20.0,19.0,17.0,18.0,18.0,19.0,17.0,18.0,18.0,18.0,19.0,19.0,20.0,19.0,17.0,19.0,19.0,19.0,17.0,18.0,18.0,19.0,20.0,20.0,20.0,20.0,18.0,19.0,19.0,19.0,17.0,18.0,18.0,19.0,20.0,20.0,21.0,20.0,18.0,19.0,19.0,20.0,17.0,19.0,18.0,19.0,20.0,20.0,21.0,20.0,18.0,19.0,19.0,20.0,18.0,19.0,19.0,19.0,20.0,20.0,21.0,20.0,18.0,20.0,20.0,20.0,18.0,19.0,19.0,20.0,20.0,21.0,21.0,21.0,19.0,20.0,20.0,20.0,18.0,19.0,19.0,20.0,21.0,21.0,21.0,21.0,19.0,20.0,20.0,21.0,18.0,19.0,19.0,20.0,21.0,21.0,22.0,21.0,19.0,20.0,20.0,21.0,19.0,20.0,20.0,20.0,21.0,21.0,22.0,21.0,19.0,21.0,20.0,21.0,19.0,20.0,20.0,21.0,21.0,22.0,22.0,21.0,20.0,21.0,21.0,21.0,19.0,20.0,20.0,21.0,22.0,22.0,22.0,22.0,20.0,21.0,21.0,22.0,19.0,20.0,20.0,21.0,22.0,22.0,23.0,22.0
FG017,Finished Good Q,18.0,15.0,19.0,21.0,14.0,17.0,17.0,16.0,20.0,19.0,14.0,17.0,18.0,15.0,19.0,21.0,14.0,17.0,17.0,16.0,20.0,19.0,14.0,17.0,18.0,15.0,19.0,21.0,14.0,17.0,17.0,16.0,20.0,19.0,14.0,17.0,18.0,15.0,19.0,21.0,14.0,17.0,17.0,16.0,20.0,19.0,14.0,17.0,18.0,15.0,19.0,21.0,14.0,17.0,17.0,16.0,20.0,19.0,14.0,17.0,18.0,14.0,19.0,21.0,14.0,17.0,17.0,16.0,20.0,19.0,14.0,17.0,18.0,14.0,19.0,21.0,14.0,17.0,17.0,16.0,20.0,19.0,14.0,17.0,18.0,14.0,19.0,21.0,14.0,17.0,17.0,16.0,20.0,19.0,14.0,17.0,18.0,14.0,19.0,21.0,14.0,17.0,17.0,16.0,20.0,19.0,14.0,17.0,18.0,14.0,19.0,21.0,13.0,17.0,17.0,16.0,20.0,19.0,14.0,17.0,18.0,14.0,19.0,21.0,13.0,17.0,17.0,16.0,20.0,19.0,14.0,17.0,18.0,14.0,19.0,21.0,13.0,17.0,17.0,16.0,20.0,19.0,14.0,17.0,18.0,14.0,19.0,21.0,13.0,17.0,17.0,16.0,20.0,19.0,14.0,17.0,18.0,14.0,19.0,21.0,13.0,17.0,17.0,16.0,20.0,19.0,14.0,17.0,18.0,14.0,19.0,21.0,13.0,17.0,17.0,16.0,20.0,19.0,14.0,17.0,18.0,14.0,19.0,21.0,13.0,17.0,17.0,16.0,20.0,19.0,14.0,17.0,18.0,14.0,19.0,21.0,13.0,17.0,17.0,16.0,19.0,18.0,14.0,17.0,18.0,14.0,19.0,21.0,13.0,17.0,17.0,16.0,19.0,18.0,14.0,17.0,18.0,14.0,19.0,21.0,13.0,17.0,17.0,16.0,19.0,18.0,14.0,17.0,18.0,14.0,19.0,21.0,13.0,17.0,17.0,16.0,19.0,18.0,14.0,17.0,18.0,14.0,19.0,21.0,13.0,17.0,17.0,16.0,19.0,18.0,14.0,17.0,18.0,14.0,19.0,20.0,13.0,17.0,17.0,16.0,19.0,18.0,14.0,17.0,18.0,14.0,19.0,20.0,13.0,17.0,17.0,16.0,19.0,18.0,14.0,17.0,18.0,14.0,19.0,20.0,13.0,17.0,17.0,16.0,19.0,18.0,14.0,17.0,18.0,14.0,19.0,20.0,13.0,17.0,17.0,16.0,19.0,18.0,14.0,17.0,18.0,14.0,19.0,20.0,13.0,17.0,17.0,16.0,19.0,18.0,14.0,17.0,17.0,14.0,19.0,20.0,13.0,17.0,17.0,16.0,19.0,18.0,14.0,17.0,17.0,14.0,19.0,20.0,13.0,17.0,17.0,16.0,19.0,18.0,14.0,17.0,17.0,14.0,19.0,20.0,13.0,17.0,17.0,16.0,19.0,18.0,14.0,17.0,17.0,14.0,19.0,20.0,13.0,17.0,17.0,16.0,19.0,18.0,14.0,17.0,17.0,14.0,19.0,20.0,13.0
FG018,Finished Good R,11.0,11.0,11.0,10.0,10.0,10.0,12.0,10.0,11.0,10.0,11.0,11.0,11.0,11.0,11.0,10.0,10.0,10.0,12.0,10.0,11.0,10.0,11.0,11.0,11.0,11.0,11.0,10.0,10.0,10.0,12.0,10.0,11.0,10.0,11.0,11.0,11.0,11.0,12.0,10.0,10.0,10.0,12.0,11.0,11.0,10.0,11.0,11.0,11.0,11.0,12.0,10.0,10.0,10.0,12.0,11.0,11.0,10.0,11.0,11.0,11.0,11.0,12.0,10.0,11.0,10.0,12.0,11.0,11.0,10.0,11.0,11.0,11.0,11.0,12.0,11.0,11.0,10.0,12.0,11.0,11.0,11.0,11.0,11.0,11.0,11.0,12.0,11.0,11.0,10.0,12.0,11.0,11.0,11.0,11.0,11.0,11.0,11.0,12.0,11.0,11.0,10.0,12.0,11.0,11.0,11.0,12.0,11.0,11.0,11.0,12.0,11.0,11.0,10.0,12.0,11.0,11.0,11.0,12.0,11.0,11.0,11.0,12.0,11.0,11.0,10.0,12.0,11.0,11.0,11.0,12.0,11.0,11.0,11.0,12.0,11.0,11.0,10.0,12.0,11.0,11.0,11.0,12.0,12.0,11.0,11.0,12.0,11.0,11.0,11.0,12.0,11.0,11.0,11.0,12.0,12.0,11.0,11.0,12.0,11.0,11.0,11.0,12.0,11.0,11.0,11.0,12.0,12.0,11.0,11.0,12.0,11.0,11.0,11.0,12.0,11.0,12.0,11.0,12.0,12.0,12.0,11.0,12.0,11.0,11.0,11.0,12.0,11.0,12.0,11.0,12.0,12.0,12.0,11.0,12.0,11.0,11.0,11.0,12.0,11.0,12.0,11.0,12.0,12.0,12.0,11.0,12.0,11.0,11.0,11.0,12.0,11.0,12.0,11.0,12.0,12.0,12.0,11.0,12.0,11.0,11.0,11.0,12.0,11.0,12.0,11.0,12.0,12.0,12.0,11.0,12.0,11.0,11.0,11.0,12.0,11.0,12.0,11.0,12.0,12.0,12.0,12.0,12.0,11.0,11.0,11.0,12.0,11.0,12.0,11.0,12.0,12.0,12.0,12.0,12.0,11.0,11.0,11.0,12.0,11.0,12.0,11.0,12.0,12.0,12.0,12.0,12.0,11.0,11.0,11.0,12.0,11.0,12.0,11.0,12.0,12.0,12.0,12.0,12.0,11.0,11.0,11.0,12.0,11.0,12.0,11.0,12.0,12.0,12.0,12.0,12.0,11.0,11.0,11.0,12.0,11.0,12.0,11.0,12.0,12.0,12.0,12.0,12.0,11.0,11.0,11.0,12.0,11.0,12.0,11.0,12.0,12.0,12.0,12.0,12.0,11.0,11.0,11.0,13.0,11.0,12.0,11.0,12.0,12.0,12.0,12.0,12.0,11.0,11.0,11.0,13.0,11.0,12.0,11.0,12.0,12.0,12.0,12.0,12.0,11.0,11.0,11.0,13.0,11.0,12.0,11.0,12.0,12.0,12.0,12.0,12.0,11.0,11.0,11.0,13.0,11.0,12.0,11.0,12.0,12.0,12.0,12.0,12.0,11.0,11.0
FG019,Finished Good S,29.0,29.0,30.0,29.0,29.0,29.0,30.0,27.0,28.0,29.0,30.0,28.0,30.0,29.0,30.0,29.0,29.0,29.0,30.0,27.0,28.0,29.0,30.0,28.0,30.0,29.0,31.0,30.0,29.0,29.0,30.0,28.0,29.0,30.0,30.0,28.0,30.0,30.0,31.0,30.0,29.0,29.0,30.0,28.0,29.0,30.0,30.0,29.0,30.0,30.0,31.0,30.0,30.0,30.0,31.0,28.0,29.0,30.0,31.0,29.0,31.0,30.0,31.0,30.0,30.0,30.0,31.0,28.0,29.0,30.0,31.0,29.0,31.0,30.0,32.0,31.0,30.0,30.0,31.0,29.0,30.0,31.0,31.0,29.0,31.0,31.0,32.0,31.0,30.0,30.0,31.0,29.0,30.0,31.0,31.0,30.0,31.0,31.0,32.0,31.0,31.0,31.0,32.0,29.0,30.0,31.0,31.0,30.0,31.0,31.0,32.0,31.0,31.0,31.0,32.0,29.0,30.0,31.0,32.0,30.0,32.0,31.0,33.0,32.0,31.0,31.0,32.0,30.0,31.0,32.0,32.0,30.0,32.0,32.0,33.0,32.0,31.0,31.0,32.0,30.0,31.0,32.0,32.0,31.0,32.0,32.0,33.0,32.0,32.0,32.0,33.0,30.0,31.0,32.0,32.0,31.0,32.0,32.0,33.0,32.0,32.0,32.0,33.0,30.0,31.0,32.0,33.0,31.0,33.0,32.0,34.0,32.0,32.0,32.0,33.0,31.0,32.0,33.0,33.0,31.0,33.0,33.0,34.0,33.0,32.0,32.0,33.0,31.0,32.0,33.0,33.0,32.0,33.0,33.0,34.0,33.0,33.0,33.0,34.0,31.0,32.0,33.0,33.0,32.0,33.0,33.0,34.0,33.0,33.0,33.0,34.0,31.0,32.0,33.0,34.0,32.0,34.0,33.0,35.0,33.0,33.0,33.0,34.0,31.0,33.0,34.0,34.0,32.0,34.0,34.0,35.0,34.0,33.0,33.0,34.0,32.0,33.0,34.0,34.0,33.0,34.0,34.0,35.0,34.0,34.0,34.0,35.0,32.0,33.0,34.0,34.0,33.0,34.0,34.0,35.0,34.0,34.0,34.0,35.0,32.0,33.0,34.0,35.0,33.0,35.0,34.0,36.0,34.0,34.0,34.0,35.0,32.0,34.0,35.0,35.0,33.0,35.0,35.0,36.0,35.0,34.0,34.0,35.0,33.0,34.0,35.0,35.0,34.0,35.0,35.0,36.0,35.0,35.0,35.0,36.0,33.0,34.0,35.0,35.0,34.0,35.0,35.0,36.0,35.0,35.0,35.0,36.0,33.0,34.0,35.0,36.0,34.0,36.0,35.0,37.0,35.0,35.0,35.0,36.0,33.0,35.0,36.0,36.0,34.0,36.0,35.0,37.0,36.0,35.0,35.0,36.0,34.0,35.0,36.0,36.0,35.0,36.0,36.0,37.0,36.0,36.0,36.0,37.0,34.0,35.0,36.0,36.0,35.0,36.0,36.0,37.0,36.0,36.0,36.0,37.0,34.0,35.0,36.0,37.0,35.0,37.0,36.0,38.0,36.0,36.0
FG020,Finished Good T,4.0,5.0,3.0,3.0,3.0,1.0,3.0,6.0,2.0,3.0,3.0,3.0,4.0,5.0,3.0,3.0,2.0,1.0,3.0,6.0,2.0,3.0,3.0,3.0,4.0,5.0,3.0,3.0,2.0,1.0,3.0,6.0,2.0,3.0,3.0,3.0,4.0,5.0,3.0,3.0,2.0,1.0,3.0,6.0,2.0,3.0,3.0,3.0,4.0,5.0,3.0,3.0,2.0,1.0,3.0,6.0,2.0,3.0,3.0,3.0,4.0,5.0,3.0,3.0,2.0,1.0,3.0,6.0,2.0,3.0,3.0,3.0,4.0,5.0,3.0,3.0,2.0,1.0,3.0,6.0,2.0,3.0,2.0,3.0,4.0,4.0,3.0,3.0,2.0,1.0,3.0,6.0,2.0,3.0,2.0,3.0,4.0,4.0,2.0,2.0,2.0,1.0,3.0,6.0,2.0,3.0,2.0,3.0,4.0,4.0,2.0,2.0,2.0,1.0,3.0,6.0,2.0,3.0,2.0,3.0,4.0,4.0,2.0,2.0,2.0,1.0,3.0,6.0,2.0,3.0,2.0,3.0,4.0,4.0,2.0,2.0,2.0,1.0,3.0,6.0,2.0,3.0,2.0,3.0,4.0,4.0,2.0,2.0,2.0,0.0,3.0,6.0,2.0,3.0,2.0,3.0,4.0,4.0,2.0,2.0,2.0,0.0,3.0,6.0,2.0,3.0,2.0,3.0,4.0,4.0,2.0,2.0,2.0,0.0,3.0,6.0,2.0,3.0,2.0,3.0,4.0,4.0,2.0,2.0,2.0,0.0,3.0,6.0,2.0,3.0,2.0,3.0,4.0,4.0,2.0,2.0,2.0,0.0,3.0,6.0,2.0,3.0,2.0,3.0,4.0,4.0,2.0,2.0,2.0,0.0,3.0,6.0,2.0,3.0,2.0,3.0,4.0,4.0,2.0,2.0,2.0,0.0,3.0,5.0,2.0,3.0,2.0,3.0,4.0,4.0,2.0,2.0,2.0,0.0,2.0,5.0,2.0,3.0,2.0,3.0,4.0,4.0,2.0,2.0,2.0,0.0,2.0,5.0,2.0,3.0,2.0,3.0,3.0,4.0,2.0,2.0,2.0,0.0,2.0,5.0,2.0,3.0,2.0,3.0,3.0,4.0,2.0,2.0,2.0,0.0,2.0,5.0,2.0,3.0,2.0,3.0,3.0,4.0,2.0,2.0,2.0,0.0,2.0,5.0,1.0,3.0,2.0,3.0,3.0,4.0,2.0,2.0,2.0,0.0,2.0,5.0,1.0,3.0,2.0,3.0,3.0,4.0,2.0,2.0,2.0,0.0,2.0,5.0,1.0,3.0,2.0,2.0,3.0,4.0,2.0,2.0,2.0,-0.0,2.0,5.0,1.0,3.0,2.0,2.0,3.0,4.0,2.0,2.0,2.0,-0.0,2.0,5.0,1.0,2.0,2.0,2.0,3.0,4.0,2.0,2.0,2.0,-0.0,2.0,5.0,1.0,2.0,2.0,2.0,3.0,4.0,2.0,2.0,1.0,-0.0,2.0,5.0,1.0,2.0,2.0,2.0,3.0,4.0,2.0,2.0,1.0
FG021,Finished Good U,32.0,34.0,35.0,34.0,34.0,35.0,33.0,31.0,33.0,36.0,33.0,32.0,32.0,34.0,35.0,34.0,34.0,35.0,33.0,31.0,33.0,36.0,33.0,32.0,32.0,34.0,35.0,34.0,34.0,34.0,33.0,31.0,33.0,35.0,33.0,32.0,32.0,34.0,35.0,34.0,34.0,34.0,33.0,31.0,33.0,35.0,33.0,32.0,32.0,34.0,35.0,34.0,33.0,34.0,33.0,31.0,32.0,35.0,33.0,32.0,32.0,34.0,35.0,34.0,33.0,34.0,33.0,31.0,32.0,35.0,33.0,31.0,32.0,33.0,35.0,34.0,33.0,34.0,33.0,31.0,32.0,35.0,33.0,31.0,32.0,33.0,35.0,34.0,33.0,34.0,33.0,31.0,32.0,35.0,33.0,31.0,32.0,33.0,35.0,34.0,33.0,34.0,32.0,30.0,32.0,35.0,33.0,31.0,32.0,33.0,35.0,34.0,33.0,34.0,32.0,30.0,32.0,35.0,33.0,31.0,32.0,33.0,35.0,34.0,33.0,34.0,32.0,30.0,32.0,35.0,32.0,31.0,32.0,33.0,35.0,33.0,33.0,34.0,32.0,30.0,32.0,35.0,32.0,31.0,32.0,33.0,35.0,33.0,33.0,34.0,32.0,30.0,32.0,35.0,32.0,31.0,32.0,33.0,35.0,33.0,33.0,34.0,32.0,30.0,32.0,35.0,32.0,31.0,32.0,33.0,35.0,33.0,33.0,34.0,32.0,30.0,32.0,35.0,32.0,31.0,32.0,33.0,35.0,33.0,33.0,34.0,32.0,30.0,32.0,35.0,32.0,31.0,31.0,33.0,35.0,33.0,33.0,34.0,32.0,30.0,32.0,35.0,32.0,31.0,31.0,33.0,34.0,33.0,33.0,34.0,32.0,30.0,32.0,35.0,32.0,31.0,31.0,33.0,34.0,33.0,33.0,34.0,32.0,30.0,32.0,35.0,32.0,31.0,31.0,33.0,34.0,33.0,33.0,34.0,32.0,30.0,32.0,35.0,32.0,31.0,31.0,33.0,34.0,33.0,33.0,34.0,32.0,30.0,32.0,35.0,32.0,31.0,31.0,33.0,34.0,33.0,33.0,34.0,32.0,30.0,32.0,35.0,32.0,31.0,31.0,33.0,34.0,33.0,33.0,33.0,32.0,30.0,32.0,34.0,32.0,31.0,31.0,33.0,34.0,33.0,32.0,33.0,32.0,30.0,32.0,34.0,32.0,31.0,31.0,33.0,34.0,33.0,32.0,33.0,32.0,30.0,31.0,34.0,32.0,31.0,31.0,33.0,34.0,33.0,32.0,33.0,32.0,30.0,31.0,34.0,32.0,30.0,31.0,32.0,34.0,33.0,32.0,33.0,32.0,30.0,31.0,34.0,32.0,30.0,31.0,32.0,34.0,33.0,32.0,33.0,32.0,29.0,31.0,34.0,32.0,30.0,31.0,32.0,34.0,33.0,32.0,33.0,31.0,29.0,31.0,34.0,32.0,30.0,31.0,32.0,34.0,33.0,32.0,33.0,31.0,29.0,31.0,34.0,32.0,30.0,31.0,32.0,34.0,32.0,32.0
FG022,Finished Good V,26.0,25.0,27.0,25.0,23.0,24.0,24.0,25.0,24.0,27.0,25.0,26.0,25.0,25.0,27.0,25.0,23.0,24.0,24.0,25.0,24.0,27.0,25.0,26.0,25.0,25.0,27.0,25.0,23.0,24.0,24.0,25.0,24.0,27.0,24.0,26.0,25.0,25.0,27.0,25.0,23.0,24.0,24.0,25.0,24.0,27.0,24.0,26.0,25.0,25.0,27.0,25.0,23.0,24.0,24.0,25.0,24.0,27.0,24.0,26.0,25.0,25.0,27.0,25.0,23.0,24.0,24.0,25.0,24.0,27.0,24.0,26.0,25.0,25.0,27.0,25.0,23.0,24.0,24.0,25.0,24.0,27.0,24.0,26.0,25.0,25.0,27.0,25.0,23.0,24.0,24.0,25.0,24.0,27.0,24.0,26.0,25.0,25.0,27.0,25.0,23.0,24.0,24.0,25.0,24.0,26.0,24.0,26.0,25.0,25.0,27.0,25.0,23.0,24.0,24.0,25.0,24.0,26.0,24.0,26.0,25.0,25.0,26.0,25.0,23.0,24.0,24.0,25.0,24.0,26.0,24.0,26.0,25.0,25.0,26.0,25.0,23.0,24.0,24.0,25.0,24.0,26.0,24.0,26.0,25.0,25.0,26.0,25.0,23.0,24.0,24.0,25.0,24.0,26.0,24.0,26.0,25.0,25.0,26.0,24.0,23.0,24.0,24.0,25.0,24.0,26.0,24.0,25.0,25.0,25.0,26.0,24.0,23.0,24.0,24.0,25.0,24.0,26.0,24.0,25.0,25.0,25.0,26.0,24.0,23.0,24.0,24.0,25.0,24.0,26.0,24.0,25.0,25.0,25.0,26.0,24.0,23.0,24.0,24.0,25.0,24.0,26.0,24.0,25.0,25.0,25.0,26.0,24.0,23.0,24.0,24.0,25.0,24.0,26.0,24.0,25.0,25.0,25.0,26.0,24.0,23.0,24.0,24.0,24.0,24.0,26.0,24.0,25.0,25.0,25.0,26.0,24.0,23.0,24.0,24.0,24.0,24.0,26.0,24.0,25.0,25.0,25.0,26.0,24.0,23.0,24.0,24.0,24.0,24.0,26.0,24.0,25.0,25.0,25.0,26.0,24.0,23.0,24.0,24.0,24.0,24.0,26.0,24.0,25.0,25.0,25.0,26.0,24.0,23.0,24.0,24.0,24.0,24.0,26.0,24.0,25.0,25.0,25.0,26.0,24.0,23.0,23.0,24.0,24.0,24.0,26.0,24.0,25.0,25.0,25.0,26.0,24.0,23.0,23.0,24.0,24.0,24.0,26.0,24.0,25.0,25.0,25.0,26.0,24.0,23.0,23.0,24.0,24.0,24.0,26.0,24.0,25.0,25.0,25.0,26.0,24.0,23.0,23.0,23.0,24.0,23.0,26.0,24.0,25.0,25.0,25.0,26.0,24.0,23.0,23.0,23.0,24.0,23.0,26.0,24.0,25.0,25.0,25.0,26.0,24.0,23.0,23.0,23.0,24.0,23.0,26.0,24.0,25.0,25.0,25.0,26.0,24.0,23.0,23.0,23.0,24.0,23.0,26.0,24.0,25.0,25.0,25.0,26.0,24.0,23.0
FG023,Finished Good W,9.0,10.0,10.0,9.0,9.0,9.0,9.0,10.0,10.0,10.0,9.0,9.0,9.0,10.0,10.0,9.0,9.0,9.0,9.0,10.0,10.0,10.0,9.0,9.0,9.0,10.0,10.0,9.0,9.0,9.0,9.0,10.0,10.0,10.0,9.0,9.0,9.0,10.0,10.0,9.0,9.0,9.0,9.0,10.0,10.0,10.0,9.0,9.0,9.0,10.0,10.0,9.0,9.0,9.0,9.0,9.0,10.0,10.0,9.0,9.0,9.0,10.0,10.0,9.0,9.0,9.0,9.0,9.0,10.0,10.0,9.0,9.0,9.0,10.0,10.0,8.0,9.0,9.0,9.0,9.0,10.0,10.0,9.0,9.0,9.0,10.0,10.0,8.0,9.0,9.0,9.0,9.0,10.0,10.0,9.0,9.0,9.0,10.0,10.0,8.0,9.0,9.0,9.0,9.0,10.0,10.0,9.0,9.0,9.0,10.0,10.0,8.0,9.0,9.0,9.0,9.0,10.0,10.0,9.0,9.0,9.0,10.0,10.0,8.0,9.0,9.0,9.0,9.0,10.0,10.0,9.0,9.0,9.0,10.0,10.0,8.0,9.0,9.0,9.0,9.0,10.0,10.0,9.0,9.0,9.0,10.0,10.0,8.0,9.0,9.0,9.0,9.0,10.0,10.0,9.0,9.0,9.0,10.0,10.0,8.0,9.0,9.0,9.0,9.0,10.0,10.0,9.0,9.0,9.0,10.0,10.0,8.0,9.0,9.0,9.0,9.0,10.0,10.0,9.0,9.0,9.0,10.0,10.0,8.0,9.0,9.0,9.0,9.0,10.0,10.0,9.0,9.0,9.0,10.0,10.0,8.0,9.0,9.0,9.0,9.0,9.0,10.0,9.0,9.0,9.0,10.0,10.0,8.0,9.0,9.0,9.0,9.0,9.0,10.0,9.0,9.0,9.0,10.0,10.0,8.0,9.0,9.0,9.0,9.0,9.0,10.0,9.0,9.0,9.0,10.0,10.0,8.0,9.0,9.0,9.0,9.0,9.0,10.0,9.0,9.0,9.0,10.0,10.0,8.0,9.0,9.0,9.0,9.0,9.0,10.0,9.0,9.0,9.0,10.0,10.0,8.0,9.0,9.0,9.0,9.0,9.0,10.0,9.0,9.0,9.0,10.0,10.0,8.0,9.0,9.0,9.0,9.0,9.0,10.0,9.0,9.0,9.0,10.0,10.0,8.0,9.0,9.0,9.0,9.0,9.0,9.0,9.0,9.0,9.0,9.0,10.0,8.0,9.0,9.0,9.0,9.0,9.0,9.0,9.0,9.0,9.0,9.0,10.0,8.0,9.0,9.0,8.0,9.0,9.0,9.0,9.0,9.0,9.0,9.0,10.0,8.0,9.0,9.0,8.0,9.0,9.0,9.0,9.0,9.0,9.0,9.0,10.0,8.0,9.0,9.0,8.0,9.0,9.0,9.0,9.0,9.0,9.0,9.0,10.0,8.0,9.0,9.0,8.0,9.0,9.0,9.0,9.0,9.0,9.0,9.0,10.0,8.0,9.0,9.0,8.0,9.0,9.0,9.0,9.0,9.0,9.0,9.0,10.0,8.0,9.0
FG024,Finished Good X,54.0,52.0,56.0,53.0,57.0,55.0,57.0,47.0,49.0,55.0,54.0,52.0,55.0,53.0,57.0,54.0,58.0,56.0,58.0,48.0,50.0,56.0,55.0,53.0,56.0,54.0,58.0,55.0,59.0,57.0,59.0,49.0,51.0,57.0,56.0,54.0,57.0,55.0,59.0,56.0,60.0,58.0,60.0,50.0,52.0,58.0,57.0,55.0,58.0,56.0,60.0,57.0,61.0,59.0,61.0,51.0,53.0,59.0,58.0,56.0,59.0,57.0,61.0,58.0,62.0,60.0,62.0,52.0,54.0,60.0,59.0,57.0,60.0,58.0,62.0,59.0,63.0,61.0,63.0,53.0,55.0,61.0,60.0,58.0,61.0,59.0,63.0,60.0,64.0,62.0,64.0,54.0,56.0,62.0,61.0,59.0,62.0,60.0,64.0,61.0,65.0,63.0,65.0,55.0,57.0,63.0,62.0,60.0,63.0,61.0,65.0,62.0,66.0,64.0,66.0,56.0,58.0,64.0,63.0,61.0,64.0,62.0,66.0,63.0,67.0,65.0,67.0,57.0,59.0,64.0,64.0,62.0,65.0,63.0,67.0,64.0,68.0,66.0,68.0,58.0,60.0,65.0,65.0,63.0,66.0,64.0,68.0,65.0,69.0,67.0,69.0,59.0,61.0,66.0,66.0,64.0,67.0,65.0,69.0,66.0,69.0,68.0,70.0,60.0,62.0,67.0,67.0,65.0,68.0,66.0,70.0,67.0,70.0,69.0,71.0,61.0,63.0,68.0,68.0,66.0,69.0,67.0,70.0,68.0,71.0,70.0,72.0,62.0,64.0,69.0,69.0,67.0,70.0,68.0,71.0,69.0,72.0,70.0,73.0,63.0,65.0,70.0,70.0,68.0,71.0,69.0,72.0,70.0,73.0,71.0,74.0,64.0,66.0,71.0,71.0,69.0,72.0,70.0,73.0,71.0,74.0,72.0,75.0,65.0,67.0,72.0,72.0,70.0,73.0,71.0,74.0,72.0,75.0,73.0,76.0,66.0,68.0,73.0,73.0,71.0,74.0,72.0,75.0,73.0,76.0,74.0,77.0,67.0,69.0,74.0,74.0,72.0,75.0,73.0,76.0,74.0,77.0,75.0,78.0,68.0,70.0,75.0,75.0,73.0,76.0,74.0,77.0,75.0,78.0,76.0,79.0,69.0,71.0,76.0,76.0,74.0,77.0,75.0,78.0,76.0,79.0,77.0,80.0,70.0,72.0,77.0,77.0,75.0,78.0,76.0,79.0,77.0,80.0,78.0,81.0,71.0,73.0,78.0,78.0,76.0,79.0,77.0,80.0,78.0,81.0,79.0,82.0,72.0,74.0,79.0,79.0,77.0,80.0,78.0,81.0,79.0,82.0,80.0,83.0,73.0,75.0,80.0,80.0,78.0,81.0,79.0,82.0,80.0,83.0,81.0,84.0,74.0,76.0,81.0,81.0,79.0,82.0,80.0,83.0,81.0,84.0,82.0,85.0,75.0,77.0,82.0,82.0,80.0,83.0,81.0,84.0,82.0,85.0,83.0,86.0,76.0,77.0,83.0,82.0,81.0,84.0,82.0,85.0,83.0,86.0
FG025,Finished Good Z,45.0,46.0,47.0,47.0,46.0,46.0,48.0,46.0,45.0,46.0,45.0,44.0,45.0,46.0,47.0,47.0,46.0,46.0,48.0,46.0,45.0,46.0,45.0,44.0,45.0,46.0,48.0,47.0,46.0,46.0,49.0,46.0,45.0,46.0,45.0,44.0,45.0,46.0,48.0,47.0,46.0,46.0,49.0,46.0,45.0,47.0,45.0,44.0,45.0,46.0,48.0,47.0,46.0,46.0,49.0,46.0,45.0,47.0,45.0,44.0,45.0,47.0,48.0,47.0,47.0,46.0,49.0,46.0,45.0,47.0,45.0,44.0,45.0,47.0,48.0,47.0,47.0,47.0,49.0,46.0,45.0,47.0,45.0,44.0,45.0,47.0,48.0,47.0,47.0,47.0,49.0,46.0,45.0,47.0,45.0,44.0,45.0,47.0,48.0,47.0,47.0,47.0,49.0,46.0,45.0,47.0,45.0,44.0,46.0,47.0,48.0,47.0,47.0,47.0,49.0,46.0,45.0,47.0,45.0,44.0,46.0,47.0,48.0,48.0,47.0,47.0,49.0,46.0,45.0,47.0,45.0,44.0,46.0,47.0,48.0,48.0,47.0,47.0,49.0,47.0,45.0,47.0,45.0,44.0,46.0,47.0,48.0,48.0,47.0,47.0,49.0,47.0,46.0,47.0,45.0,44.0,46.0,47.0,48.0,48.0,47.0,47.0,49.0,47.0,46.0,47.0,45.0,44.0,46.0,47.0,48.0,48.0,47.0,47.0,49.0,47.0,46.0,47.0,45.0,44.0,46.0,47.0,48.0,48.0,47.0,47.0,49.0,47.0,46.0,47.0,46.0,44.0,46.0,47.0,48.0,48.0,47.0,47.0,49.0,47.0,46.0,47.0,46.0,44.0,46.0,47.0,48.0,48.0,47.0,47.0,49.0,47.0,46.0,47.0,46.0,44.0,46.0,47.0,48.0,48.0,47.0,47.0,49.0,47.0,46.0,47.0,46.0,45.0,46.0,47.0,48.0,48.0,47.0,47.0,49.0,47.0,46.0,47.0,46.0,45.0,46.0,47.0,48.0,48.0,47.0,47.0,49.0,47.0,46.0,47.0,46.0,45.0,46.0,47.0,49.0,48.0,47.0,47.0,49.0,47.0,46.0,47.0,46.0,45.0,46.0,47.0,49.0,48.0,47.0,47.0,50.0,47.0,46.0,47.0,46.0,45.0,46.0,47.0,49.0,48.0,47.0,47.0,50.0,47.0,46.0,48.0,46.0,45.0,46.0,47.0,49.0,48.0,47.0,47.0,50.0,47.0,46.0,48.0,46.0,45.0,46.0,48.0,49.0,48.0,48.0,47.0,50.0,47.0,46.0,48.0,46.0,45.0,46.0,48.0,49.0,48.0,48.0,48.0,50.0,47.0,46.0,48.0,46.0,45.0,46.0,48.0,49.0,48.0,48.0,48.0,50.0,47.0,46.0,48.0,46.0,45.0,46.0,48.0,49.0,48.0,48.0,48.0,50.0,47.0,46.0,48.0,46.0,45.0,47.0,48.0,49.0,48.0,48.0,48.0,50.0,47.0,46.0,48.0,46.0,45.0,47.0,48.0,49.0,49.0,48.0
FG026,Finished Good A1,22.0,22.0,21.0,23.0,23.0,24.0,22.0,22.0,22.0,22.0,22.0,23.0,22.0,22.0,21.0,23.0,23.0,24.0,22.0,22.0,22.0,23.0,22.0,24.0,22.0,22.0,21.0,23.0,23.0,24.0,22.0,22.0,22.0,23.0,22.0,24.0,22.0,22.0,21.0,23.0,23.0,24.0,22.0,22.0,22.0,23.0,22.0,24.0,23.0,22.0,21.0,23.0,23.0,24.0,22.0,23.0,22.0,23.0,22.0,24.0,23.0,23.0,21.0,23.0,23.0,24.0,23.0,23.0,23.0,23.0,22.0,24.0,23.0,23.0,22.0,23.0,23.0,24.0,23.0,23.0,23.0,23.0,22.0,24.0,23.0,23.0,22.0,23.0,23.0,24.0,23.0,23.0,23.0,23.0,22.0,24.0,23.0,23.0,22.0,23.0,23.0,24.0,23.0,23.0,23.0,23.0,22.0,24.0,23.0,23.0,22.0,23.0,24.0,25.0,23.0,23.0,23.0,23.0,22.0,24.0,23.0,23.0,22.0,24.0,24.0,25.0,23.0,23.0,23.0,23.0,22.0,24.0,23.0,23.0,22.0,24.0,24.0,25.0,23.0,23.0,23.0,23.0,22.0,24.0,23.0,23.0,22.0,24.0,24.0,25.0,23.0,23.0,23.0,23.0,23.0,24.0,23.0,23.0,22.0,24.0,24.0,25.0,23.0,23.0,23.0,24.0,23.0,25.0,23.0,23.0,22.0,24.0,24.0,25.0,23.0,23.0,23.0,24.0,23.0,25.0,23.0,23.0,22.0,24.0,24.0,25.0,23.0,23.0,23.0,24.0,23.0,25.0,24.0,23.0,22.0,24.0,24.0,25.0,23.0,24.0,23.0,24.0,23.0,25.0,24.0,24.0,22.0,24.0,24.0,25.0,24.0,24.0,24.0,24.0,23.0,25.0,24.0,24.0,22.0,24.0,24.0,25.0,24.0,24.0,24.0,24.0,23.0,25.0,24.0,24.0,23.0,24.0,24.0,25.0,24.0,24.0,24.0,24.0,23.0,25.0,24.0,24.0,23.0,24.0,24.0,25.0,24.0,24.0,24.0,24.0,23.0,25.0,24.0,24.0,23.0,24.0,25.0,26.0,24.0,24.0,24.0,24.0,23.0,25.0,24.0,24.0,23.0,25.0,25.0,26.0,24.0,24.0,24.0,24.0,23.0,25.0,24.0,24.0,23.0,25.0,25.0,26.0,24.0,24.0,24.0,24.0,23.0,25.0,24.0,24.0,23.0,25.0,25.0,26.0,24.0,24.0,24.0,24.0,24.0,25.0,24.0,24.0,23.0,25.0,25.0,26.0,24.0,24.0,24.0,24.0,24.0,26.0,24.0,24.0,23.0,25.0,25.0,26.0,24.0,24.0,24.0,25.0,24.0,26.0,24.0,24.0,23.0,25.0,25.0,26.0,24.0,24.0,24.0,25.0,24.0,26.0,25.0,24.0,23.0,25.0,25.0,26.0,24.0,25.0,24.0,25.0,24.0,26.0,25.0,25.0,23.0,25.0,25.0,26.0,25.0,25.0,25.0,25.0,24.0,26.0,25.0,25.0,23.0,25.0,25.0
FG027,Finished Good B1,7.0,6.0,6.0,6.0,5.0,6.0,6.0,5.0,5.0,6.0,6.0,6.0,7.0,6.0,6.0,6.0,5.0,6.0,6.0,5.0,5.0,6.0,6.0,6.0,7.0,6.0,6.0,6.0,5.0,6.0,6.0,5.0,5.0,6.0,6.0,7.0,7.0,6.0,6.0,6.0,5.0,6.0,6.0,5.0,5.0,6.0,6.0,7.0,7.0,6.0,6.0,6.0,5.0,6.0,6.0,5.0,5.0,6.0,6.0,7.0,7.0,6.0,6.0,6.0,5.0,6.0,6.0,5.0,6.0,6.0,6.0,7.0,7.0,6.0,7.0,6.0,5.0,6.0,6.0,5.0,6.0,6.0,6.0,7.0,7.0,6.0,7.0,6.0,5.0,6.0,6.0,5.0,6.0,6.0,6.0,7.0,7.0,6.0,7.0,6.0,5.0,6.0,6.0,5.0,6.0,6.0,6.0,7.0,7.0,6.0,7.0,6.0,5.0,6.0,6.0,5.0,6.0,6.0,6.0,7.0,7.0,6.0,7.0,6.0,5.0,6.0,6.0,5.0,6.0,6.0,6.0,7.0,7.0,6.0,7.0,6.0,5.0,6.0,6.0,5.0,6.0,6.0,6.0,7.0,7.0,6.0,7.0,6.0,5.0,6.0,6.0,5.0,6.0,6.0,6.0,7.0,7.0,6.0,7.0,6.0,5.0,6.0,6.0,5.0,6.0,6.0,6.0,7.0,7.0,6.0,7.0,6.0,5.0,6.0,6.0,5.0,6.0,6.0,6.0,7.0,7.0,6.0,7.0,6.0,5.0,6.0,6.0,6.0,6.0,6.0,6.0,7.0,7.0,6.0,7.0,6.0,5.0,6.0,6.0,6.0,6.0,6.0,6.0,7.0,7.0,6.0,7.0,6.0,5.0,6.0,6.0,6.0,6.0,6.0,6.0,7.0,7.0,6.0,7.0,6.0,5.0,6.0,6.0,6.0,6.0,6.0,6.0,7.0,7.0,6.0,7.0,6.0,5.0,6.0,6.0,6.0,6.0,6.0,7.0,7.0,7.0,6.0,7.0,6.0,5.0,6.0,6.0,6.0,6.0,6.0,7.0,7.0,7.0,6.0,7.0,6.0,5.0,6.0,6.0,6.0,6.0,6.0,7.0,7.0,7.0,6.0,7.0,6.0,5.0,6.0,6.0,6.0,6.0,6.0,7.0,7.0,7.0,6.0,7.0,6.0,5.0,6.0,6.0,6.0,6.0,6.0,7.0,7.0,7.0,6.0,7.0,6.0,5.0,6.0,6.0,6.0,6.0,6.0,7.0,7.0,7.0,6.0,7.0,6.0,5.0,6.0,6.0,6.0,6.0,6.0,7.0,7.0,7.0,6.0,7.0,6.0,5.0,6.0,6.0,6.0,6.0,6.0,7.0,7.0,7.0,6.0,7.0,6.0,5.0,6.0,6.0,6.0,6.0,6.0,7.0,7.0,7.0,7.0,7.0,6.0,5.0,6.0,6.0,6.0,6.0,6.0,7.0,7.0,7.0,7.0,7.0,6.0,5.0,6.0,6.0,6.0,6.0,6.0,7.0,7.0,7.0,7.0,7.0,6.0,5.0
FG028,Finished Good C1,10.0,11.0,11.0,11.0,11.0,10.0,10.0,9.0,10.0,11.0,11.0,11.0,11.0,11.0,11.0,11.0,11.0,10.0,10.0,9.0,11.0,11.0,11.0,11.0,11.0,11.0,11.0,12.0,11.0,10.0,10.0,9.0,11.0,11.0,11.0,11.0,11.0,12.0,11.0,12.0,11.0,11.0,10.0,9.0,11.0,11.0,11.0,11.0,11.0,12.0,12.0,12.0,12.0,11.0,10.0,10.0,11.0,11.0,11.0,11.0,11.0,12.0,12.0,12.0,12.0,11.0,10.0,10.0,11.0,11.0,11.0,11.0,11.0,12.0,12.0,12.0,12.0,11.0,11.0,10.0,11.0,11.0,11.0,11.0,11.0,12.0,12.0,12.0,12.0,11.0,11.0,10.0,11.0,12.0,11.0,11.0,11.0,12.0,12.0,12.0,12.0,11.0,11.0,10.0,11.0,12.0,11.0,11.0,11.0,12.0,12.0,12.0,12.0,11.0,11.0,10.0,11.0,12.0,12.0,12.0,11.0,12.0,12.0,12.0,12.0,11.0,11.0,10.0,11.0,12.0,12.0,12.0,12.0,12.0,12.0,13.0,12.0,11.0,11.0,10.0,12.0,12.0,12.0,12.0,12.0,13.0,12.0,13.0,12.0,11.0,11.0,10.0,12.0,12.0,12.0,12.0,12.0,13.0,12.0,13.0,12.0,12.0,11.0,11.0,12.0,12.0,12.0,12.0,12.0,13.0,13.0,13.0,13.0,12.0,11.0,11.0,12.0,12.0,12.0,12.0,12.0,13.0,13.0,13.0,13.0,12.0,12.0,11.0,12.0,12.0,12.0,12.0,12.0,13.0,13.0,13.0,13.0,12.0,12.0,11.0,12.0,12.0,12.0,12.0,12.0,13.0,13.0,13.0,13.0,12.0,12.0,11.0,12.0,13.0,12.0,12.0,12.0,13.0,13.0,13.0,13.0,12.0,12.0,11.0,12.0,13.0,12.0,13.0,12.0,13.0,13.0,13.0,13.0,12.0,12.0,11.0,12.0,13.0,13.0,13.0,13.0,13.0,13.0,13.0,13.0,12.0,12.0,11.0,12.0,13.0,13.0,13.0,13.0,13.0,13.0,14.0,13.0,12.0,12.0,11.0,13.0,13.0,13.0,13.0,13.0,14.0,13.0,14.0,13.0,12.0,12.0,11.0,13.0,13.0,13.0,13.0,13.0,14.0,14.0,14.0,13.0,13.0,12.0,12.0,13.0,13.0,13.0,13.0,13.0,14.0,14.0,14.0,14.0,13.0,12.0,12.0,13.0,13.0,13.0,13.0,13.0,14.0,14.0,14.0,14.0,13.0,13.0,12.0,13.0,13.0,13.0,13.0,13.0,14.0,14.0,14.0,14.0,13.0,13.0,12.0,13.0,14.0,13.0,13.0,13.0,14.0,14.0,14.0,14.0,13.0,13.0,12.0,13.0,14.0,13.0,13.0,13.0,14.0,14.0,14.0,14.0,13.0,13.0,12.0,13.0,14.0,13.0,14.0,13.0,14.0,14.0,14.0,14.0,13.0,13.0,12.0,13.0,14.0,14.0,14.0,14.0,14.0,14.0,14.0,14.0
FG029,Finished Good D1,11.0,11.0,12.0,11.0,14.0,12.0,11.0,13.0,12.0,13.0,12.0,12.0,11.0,11.0,12.0,11.0,14.0,12.0,11.0,13.0,12.0,13.0,12.0,12.0,11.0,11.0,12.0,11.0,13.0,12.0,11.0,13.0,12.0,13.0,12.0,12.0,11.0,11.0,12.0,11.0,13.0,12.0,11.0,13.0,12.0,13.0,12.0,12.0,11.0,11.0,12.0,11.0,13.0,12.0,11.0,12.0,12.0,13.0,11.0,12.0,11.0,11.0,12.0,11.0,13.0,12.0,11.0,12.0,12.0,13.0,11.0,12.0,11.0,11.0,12.0,11.0,13.0,12.0,11.0,12.0,12.0,13.0,11.0,12.0,11.0,11.0,12.0,11.0,13.0,12.0,11.0,12.0,11.0,13.0,11.0,12.0,11.0,11.0,12.0,11.0,13.0,12.0,11.0,12.0,11.0,13.0,11.0,12.0,11.0,11.0,12.0,11.0,13.0,12.0,11.0,12.0,11.0,12.0,11.0,12.0,11.0,11.0,12.0,11.0,13.0,11.0,11.0,12.0,11.0,12.0,11.0,12.0,11.0,11.0,11.0,11.0,13.0,11.0,11.0,12.0,11.0,12.0,11.0,11.0,10.0,11.0,11.0,11.0,13.0,11.0,11.0,12.0,11.0,12.0,11.0,11.0,10.0,11.0,11.0,11.0,13.0,11.0,11.0,12.0,11.0,12.0,11.0,11.0,10.0,10.0,11.0,11.0,13.0,11.0,11.0,12.0,11.0,12.0,11.0,11.0,10.0,10.0,11.0,11.0,13.0,11.0,11.0,12.0,11.0,12.0,11.0,11.0,10.0,10.0,11.0,10.0,13.0,11.0,10.0,12.0,11.0,12.0,11.0,11.0,10.0,10.0,11.0,10.0,13.0,11.0,10.0,12.0,11.0,12.0,11.0,11.0,10.0,10.0,11.0,10.0,13.0,11.0,10.0,12.0,11.0,12.0,11.0,11.0,10.0,10.0,11.0,10.0,12.0,11.0,10.0,12.0,11.0,12.0,11.0,11.0,10.0,10.0,11.0,10.0,12.0,11.0,10.0,11.0,11.0,12.0,11.0,11.0,10.0,10.0,11.0,10.0,12.0,11.0,10.0,11.0,11.0,12.0,10.0,11.0,10.0,10.0,11.0,10.0,12.0,11.0,10.0,11.0,11.0,12.0,10.0,11.0,10.0,10.0,11.0,10.0,12.0,11.0,10.0,11.0,10.0,12.0,10.0,11.0,10.0,10.0,11.0,10.0,12.0,11.0,10.0,11.0,10.0,12.0,10.0,11.0,10.0,10.0,11.0,10.0,12.0,11.0,10.0,11.0,10.0,12.0,10.0,11.0,10.0,10.0,11.0,10.0,12.0,10.0,10.0,11.0,10.0,11.0,10.0,11.0,10.0,10.0,10.0,10.0,12.0,10.0,10.0,11.0,10.0,11.0,10.0,10.0,10.0,10.0,10.0,10.0,12.0,10.0,10.0,11.0,10.0,11.0,10.0,10.0,9.0,10.0,10.0,10.0,12.0,10.0,10.0,11.0,10.0,11.0,10.0,10.0,9.0,10.0,10.0,10.0,12.0
FG030,Finished Good F1,7.0,6.0,7.0,6.0,7.0,6.0,7.0,6.0,6.0,7.0,7.0,6.0,7.0,6.0,7.0,6.0,7.0,6.0,6.0,6.0,6.0,7.0,7.0,6.0,7.0,6.0,7.0,5.0,6.0,6.0,6.0,6.0,6.0,7.0,7.0,6.0,6.0,6.0,7.0,5.0,6.0,6.0,6.0,5.0,6.0,6.0,6.0,6.0,6.0,6.0,7.0,5.0,6.0,6.0,6.0,5.0,5.0,6.0,6.0,6.0,6.0,6.0,7.0,5.0,6.0,5.0,6.0,5.0,5.0,6.0,6.0,6.0,6.0,6.0,6.0,5.0,6.0,5.0,6.0,5.0,5.0,6.0,6.0,6.0,6.0,6.0,6.0,5.0,6.0,5.0,6.0,5.0,5.0,6.0,6.0,5.0,6.0,5.0,6.0,5.0,6.0,5.0,6.0,5.0,5.0,6.0,6.0,5.0,6.0,5.0,6.0,5.0,6.0,5.0,5.0,5.0,5.0,6.0,6.0,5.0,6.0,5.0,6.0,5.0,5.0,5.0,5.0,5.0,5.0,6.0,6.0,5.0,5.0,5.0,6.0,4.0,5.0,5.0,5.0,4.0,5.0,5.0,5.0,5.0,5.0,5.0,6.0,4.0,5.0,5.0,5.0,4.0,5.0,5.0,5.0,5.0,5.0,5.0,6.0,4.0,5.0,4.0,5.0,4.0,4.0,5.0,5.0,5.0,5.0,5.0,5.0,4.0,5.0,4.0,5.0,4.0,4.0,5.0,5.0,5.0,5.0,5.0,5.0,4.0,5.0,4.0,5.0,4.0,4.0,5.0,5.0,5.0,5.0,4.0,5.0,4.0,5.0,4.0,5.0,4.0,4.0,5.0,5.0,4.0,5.0,4.0,5.0,4.0,5.0,4.0,5.0,4.0,4.0,5.0,5.0,4.0,5.0,4.0,5.0,4.0,4.0,4.0,4.0,4.0,4.0,5.0,5.0,4.0,4.0,4.0,5.0,3.0,4.0,4.0,4.0,3.0,4.0,4.0,5.0,4.0,4.0,4.0,5.0,3.0,4.0,4.0,4.0,3.0,4.0,4.0,4.0,4.0,4.0,4.0,5.0,3.0,4.0,3.0,4.0,3.0,3.0,4.0,4.0,4.0,4.0,4.0,4.0,3.0,4.0,3.0,4.0,3.0,3.0,4.0,4.0,4.0,4.0,4.0,4.0,3.0,4.0,3.0,4.0,3.0,3.0,4.0,4.0,4.0,4.0,3.0,4.0,3.0,4.0,3.0,4.0,3.0,3.0,4.0,4.0,3.0,4.0,3.0,4.0,3.0,4.0,3.0,4.0,3.0,3.0,4.0,4.0,3.0,4.0,3.0,4.0,3.0,4.0,3.0,3.0,3.0,3.0,4.0,4.0,3.0,4.0,3.0,4.0,2.0,3.0,3.0,3.0,3.0,3.0,3.0,4.0,3.0,3.0,3.0,4.0,2.0,3.0,3.0,3.0,2.0,3.0,3.0,3.0,3.0,3.0,3.0,4.0,2.0,3.0,2.0,3.0,2.0,2.0,3.0,3.0,3.0,3.0,3.0,4.0,2.0,3.0
FG031,Finished Good LG1,0.0,0.0,0.0,0.0,0.0,0.0,0.0,7.0,0.0,0.0,1.0,0.0,0.0,0.0,0.0,0.0,0.0,0.0,0.0,7.0,0.0,0.0,1.0,0.0,0.0,0.0,0.0,0.0,0.0,0.0,0.0,7.0,0.0,0.0,1.0,0.0,0.0,0.0,0.0,0.0,0.0,0.0,0.0,7.0,0.0,0.0,1.0,0.0,0.0,0.0,0.0,0.0,0.0,0.0,0.0,7.0,0.0,0.0,1.0,0.0,0.0,0.0,0.0,0.0,0.0,0.0,0.0,7.0,0.0,0.0,1.0,0.0,0.0,0.0,0.0,0.0,0.0,0.0,0.0,7.0,0.0,0.0,1.0,0.0,0.0,0.0,0.0,0.0,0.0,0.0,0.0,7.0,0.0,0.0,1.0,0.0,0.0,0.0,0.0,0.0,0.0,0.0,0.0,7.0,0.0,0.0,1.0,0.0,0.0,0.0,0.0,0.0,0.0,0.0,0.0,7.0,0.0,0.0,1.0,0.0,0.0,0.0,0.0,0.0,0.0,0.0,0.0,7.0,0.0,0.0,1.0,0.0,0.0,0.0,0.0,0.0,0.0,0.0,0.0,7.0,0.0,0.0,1.0,0.0,0.0,0.0,0.0,0.0,0.0,0.0,0.0,7.0,0.0,0.0,1.0,0.0,0.0,0.0,0.0,0.0,0.0,0.0,0.0,7.0,0.0,0.0,1.0,0.0,0.0,0.0,0.0,0.0,0.0,0.0,0.0,7.0,0.0,0.0,1.0,0.0,0.0,0.0,0.0,0.0,0.0,0.0,0.0,7.0,0.0,0.0,1.0,0.0,0.0,0.0,0.0,0.0,0.0,0.0,0.0,7.0,0.0,0.0,1.0,0.0,0.0,0.0,0.0,0.0,0.0,0.0,0.0,7.0,0.0,0.0,1.0,0.0,0.0,0.0,0.0,0.0,0.0,0.0,0.0,7.0,0.0,0.0,1.0,0.0,0.0,0.0,0.0,0.0,0.0,0.0,0.0,7.0,0.0,0.0,1.0,0.0,0.0,0.0,0.0,0.0,0.0,0.0,0.0,7.0,0.0,0.0,1.0,0.0,0.0,0.0,0.0,0.0,0.0,0.0,0.0,7.0,0.0,0.0,1.0,0.0,0.0,0.0,0.0,0.0,0.0,0.0,0.0,7.0,0.0,1.0,1.0,0.0,0.0,0.0,0.0,0.0,0.0,0.0,0.0,7.0,0.0,1.0,1.0,0.0,0.0,0.0,0.0,0.0,0.0,0.0,0.0,7.0,0.0,1.0,1.0,0.0,0.0,0.0,0.0,0.0,0.0,0.0,0.0,7.0,0.0,1.0,1.0,0.0,0.0,0.0,0.0,0.0,0.0,0.0,0.0,7.0,0.0,1.0,1.0,0.0,0.0,0.0,0.0,0.0,0.0,0.0,0.0,7.0,0.0,1.0,1.0,0.0,0.0,0.0,0.0,0.0,0.0,0.0,0.0,7.0,0.0,1.0,1.0,0.0,0.0,0.0,0.0,0.0,0.0,0.0,0.0,7.0,0.0,1.0,1.0,0.0,0.0,0.0,0.0,0.0,0.0
FG032,Finished Good H1,21.0,23.0,23.0,23.0,22.0,20.0,22.0,22.0,22.0,22.0,22.0,22.0,21.0,23.0,24.0,23.0,22.0,21.0,22.0,22.0,22.0,22.0,22.0,22.0,21.0,24.0,24.0,23.0,23.0,21.0,22.0,23.0,22.0,22.0,23.0,23.0,22.0,24.0,25.0,24.0,23.0,22.0,23.0,23.0,23.0,23.0,23.0,23.0,22.0,25.0,25.0,24.0,23.0,22.0,23.0,23.0,23.0,23.0,24.0,23.0,22.0,25.0,25.0,25.0,24.0,22.0,23.0,24.0,24.0,24.0,24.0,24.0,23.0,25.0,26.0,25.0,24.0,23.0,24.0,24.0,24.0,24.0,24.0,24.0,23.0,26.0,26.0,25.0,25.0,23.0,24.0,24.0,24.0,24.0,25.0,25.0,24.0,26.0,26.0,26.0,25.0,23.0,25.0,25.0,25.0,25.0,25.0,25.0,24.0,27.0,27.0,26.0,25.0,24.0,25.0,25.0,25.0,25.0,25.0,25.0,24.0,27.0,27.0,26.0,26.0,24.0,25.0,26.0,26.0,25.0,26.0,26.0,25.0,27.0,28.0,27.0,26.0,25.0,26.0,26.0,26.0,26.0,26.0,26.0,25.0,28.0,28.0,27.0,26.0,25.0,26.0,26.0,26.0,26.0,27.0,26.0,26.0,28.0,28.0,28.0,27.0,25.0,27.0,27.0,27.0,27.0,27.0,27.0,26.0,28.0,29.0,28.0,27.0,26.0,27.0,27.0,27.0,27.0,27.0,27.0,26.0,29.0,29.0,28.0,28.0,26.0,27.0,28.0,27.0,27.0,28.0,28.0,27.0,29.0,30.0,29.0,28.0,26.0,28.0,28.0,28.0,28.0,28.0,28.0,27.0,30.0,30.0,29.0,28.0,27.0,28.0,28.0,28.0,28.0,29.0,28.0,27.0,30.0,30.0,29.0,29.0,27.0,28.0,29.0,29.0,29.0,29.0,29.0,28.0,30.0,31.0,30.0,29.0,28.0,29.0,29.0,29.0,29.0,29.0,29.0,28.0,31.0,31.0,30.0,30.0,28.0,29.0,29.0,29.0,29.0,30.0,30.0,29.0,31.0,31.0,31.0,30.0,28.0,30.0,30.0,30.0,30.0,30.0,30.0,29.0,32.0,32.0,31.0,30.0,29.0,30.0,30.0,30.0,30.0,30.0,30.0,29.0,32.0,32.0,31.0,31.0,29.0,30.0,31.0,31.0,30.0,31.0,31.0,30.0,32.0,33.0,32.0,31.0,30.0,31.0,31.0,31.0,31.0,31.0,31.0,30.0,33.0,33.0,32.0,31.0,30.0,31.0,31.0,31.0,31.0,32.0,31.0,31.0,33.0,33.0,33.0,32.0,30.0,32.0,32.0,32.0,32.0,32.0,32.0,31.0,33.0,34.0,33.0,32.0,31.0,32.0,32.0,32.0,32.0,32.0,32.0,31.0,34.0,34.0,33.0,33.0,31.0,32.0,32.0,32.0,32.0,33.0,33.0,32.0,34.0,35.0,34.0,33.0,31.0,33.0,33.0,33.0,33.0,33.0,33.0,32.0,35.0,35.0,34.0,33.0
FG033,Finished Good J1,0.0,1.0,2.0,-0.0,0.0,0.0,1.0,2.0,0.0,0.0,-0.0,1.0,0.0,0.0,2.0,-0.0,0.0,0.0,1.0,2.0,0.0,-0.0,0.0,1.0,-0.0,0.0,1.0,0.0,0.0,-0.0,1.0,1.0,-0.0,-0.0,0.0,0.0,-0.0,0.0,1.0,0.0,0.0,-0.0,1.0,1.0,-0.0,-0.0,0.0,0.0,-0.0,-0.0,1.0,0.0,0.0,0.0,1.0,1.0,-0.0,0.0,0.0,0.0,0.0,-0.0,1.0,0.0,0.0,0.0,0.0,1.0,0.0,0.0,0.0,-0.0,0.0,-0.0,1.0,0.0,0.0,0.0,0.0,1.0,0.0,0.0,0.0,-0.0,0.0,0.0,1.0,0.0,0.0,0.0,0.0,1.0,0.0,0.0,0.0,-0.0,0.0,0.0,0.0,0.0,0.0,0.0,-0.0,0.0,0.0,0.0,0.0,0.0,0.0,0.0,0.0,0.0,0.0,0.0,-0.0,0.0,0.0,0.0,0.0,0.0,0.0,0.0,-0.0,0.0,0.0,0.0,-0.0,0.0,0.0,0.0,0.0,0.0,0.0,0.0,-0.0,0.0,0.0,0.0,0.0,-0.0,0.0,0.0,0.0,0.0,0.0,0.0,-0.0,0.0,0.0,0.0,0.0,-0.0,0.0,0.0,0.0,0.0,0.0,0.0,0.0,0.0,0.0,0.0,0.0,-0.0,0.0,0.0,0.0,0.0,0.0,0.0,0.0,0.0,0.0,0.0,0.0,0.0,0.0,0.0,0.0,0.0,0.0,0.0,0.0,0.0,0.0,0.0,0.0,0.0,0.0,0.0,0.0,0.0,0.0,0.0,0.0,0.0,0.0,0.0,0.0,0.0,0.0,0.0,0.0,0.0,0.0,0.0,0.0,0.0,0.0,0.0,0.0,0.0,0.0,0.0,0.0,0.0,0.0,0.0,0.0,0.0,0.0,0.0,0.0,0.0,0.0,0.0,0.0,0.0,0.0,0.0,0.0,0.0,0.0,0.0,0.0,0.0,0.0,0.0,0.0,0.0,0.0,0.0,0.0,0.0,0.0,0.0,0.0,0.0,0.0,0.0,0.0,0.0,0.0,0.0,0.0,0.0,0.0,0.0,0.0,0.0,0.0,0.0,0.0,0.0,0.0,0.0,0.0,0.0,0.0,0.0,0.0,0.0,0.0,0.0,0.0,0.0,0.0,0.0,0.0,0.0,0.0,0.0,0.0,0.0,0.0,0.0,0.0,0.0,0.0,0.0,0.0,0.0,0.0,0.0,0.0,0.0,0.0,0.0,0.0,0.0,0.0,0.0,0.0,0.0,0.0,0.0,0.0,0.0,0.0,0.0,0.0,0.0,0.0,0.0,0.0,0.0,0.0,0.0,0.0,0.0,0.0,0.0,0.0,0.0,0.0,0.0,0.0,0.0,0.0,0.0,0.0,0.0,0.0,0.0,0.0,0.0,0.0,0.0,0.0,0.0,0.0,0.0,0.0,0.0,0.0,0.0,0.0,0.0,0.0,0.0,0.0,0.0,0.0,0.0,0.0,0.0,0.0,0.0,0.0,0.0,0.0,0.0,0.0,0.0,0.0
