Product Code,Product Name,2023-01-01 00:00:00,2023-01-02 00:00:00,2023-01-03 00:00:00,2023-01-04 00:00:00,2023-01-05 00:00:00,2023-01-06 00:00:00,2023-01-07 00:00:00,2023-01-08 00:00:00,2023-01-09 00:00:00,2023-01-10 00:00:00,2023-01-11 00:00:00,2023-01-12 00:00:00,2023-01-13 00:00:00,2023-01-14 00:00:00,2023-01-15 00:00:00,2023-01-16 00:00:00,2023-01-17 00:00:00,2023-01-18 00:00:00,2023-01-19 00:00:00,2023-01-20 00:00:00,2023-01-21 00:00:00,2023-01-22 00:00:00,2023-01-23 00:00:00,2023-01-24 00:00:00,2023-01-25 00:00:00,2023-01-26 00:00:00,2023-01-27 00:00:00,2023-01-28 00:00:00,2023-01-29 00:00:00,2023-01-30 00:00:00,2023-01-31 00:00:00,2023-02-01 00:00:00,2023-02-02 00:00:00,2023-02-03 00:00:00,2023-02-04 00:00:00,2023-02-05 00:00:00,2023-02-06 00:00:00,2023-02-07 00:00:00,2023-02-08 00:00:00,2023-02-09 00:00:00,2023-02-10 00:00:00,2023-02-11 00:00:00,2023-02-12 00:00:00,2023-02-13 00:00:00,2023-02-14 00:00:00,2023-02-15 00:00:00,2023-02-16 00:00:00,2023-02-17 00:00:00,2023-02-18 00:00:00,2023-02-19 00:00:00,2023-02-20 00:00:00,2023-02-21 00:00:00,2023-02-22 00:00:00,2023-02-23 00:00:00,2023-02-24 00:00:00,2023-02-25 00:00:00,2023-02-26 00:00:00,2023-02-27 00:00:00,2023-02-28 00:00:00,2023-03-01 00:00:00,2023-03-02 00:00:00,2023-03-03 00:00:00,2023-03-04 00:00:00,2023-03-05 00:00:00,2023-03-06 00:00:00,2023-03-07 00:00:00,2023-03-08 00:00:00,2023-03-09 00:00:00,2023-03-10 00:00:00,2023-03-11 00:00:00,2023-03-12 00:00:00,2023-03-13 00:00:00,2023-03-14 00:00:00,2023-03-15 00:00:00,2023-03-16 00:00:00,2023-03-17 00:00:00,2023-03-18 00:00:00,2023-03-19 00:00:00,2023-03-20 00:00:00,2023-03-21 00:00:00,2023-03-22 00:00:00,2023-03-23 00:00:00,2023-03-24 00:00:00,2023-03-25 00:00:00,2023-03-26 00:00:00,2023-03-27 00:00:00,2023-03-28 00:00:00,2023-03-29 00:00:00,2023-03-30 00:00:00,2023-03-31 00:00:00,2023-04-01 00:00:00,2023-04-02 00:00:00,2023-04-03 00:00:00,2023-04-04 00:00:00,2023-04-05 00:00:00,2023-04-06 00:00:00,2023-04-07 00:00:00,2023-04-08 00:00:00,2023-04-09 00:00:00,2023-04-10 00:00:00,2023-04-11 00:00:00,2023-04-12 00:00:00,2023-04-13 00:00:00,2023-04-14 00:00:00,2023-04-15 00:00:00,2023-04-16 00:00:00,2023-04-17 00:00:00,2023-04-18 00:00:00,2023-04-19 00:00:00,2023-04-20 00:00:00,2023-04-21 00:00:00,2023-04-22 00:00:00,2023-04-23 00:00:00,2023-04-24 00:00:00,2023-04-25 00:00:00,2023-04-26 00:00:00,2023-04-27 00:00:00,2023-04-28 00:00:00,2023-04-29 00:00:00,2023-04-30 00:00:00,2023-05-01 00:00:00,2023-05-02 00:00:00,2023-05-03 00:00:00,2023-05-04 00:00:00,2023-05-05 00:00:00,2023-05-06 00:00:00,2023-05-07 00:00:00,2023-05-08 00:00:00,2023-05-09 00:00:00,2023-05-10 00:00:00,2023-05-11 00:00:00,2023-05-12 00:00:00,2023-05-13 00:00:00,2023-05-14 00:00:00,2023-05-15 00:00:00,2023-05-16 00:00:00,2023-05-17 00:00:00,2023-05-18 00:00:00,2023-05-19 00:00:00,2023-05-20 00:00:00,2023-05-21 00:00:00,2023-05-22 00:00:00,2023-05-23 00:00:00,2023-05-24 00:00:00,2023-05-25 00:00:00,2023-05-26 00:00:00,2023-05-27 00:00:00,2023-05-28 00:00:00,2023-05-29 00:00:00,2023-05-30 00:00:00,2023-05-31 00:00:00,2023-06-01 00:00:00,2023-06-02 00:00:00,2023-06-03 00:00:00,2023-06-04 00:00:00,2023-06-05 00:00:00,2023-06-06 00:00:00,2023-06-07 00:00:00,2023-06-08 00:00:00,2023-06-09 00:00:00,2023-06-10 00:00:00,2023-06-11 00:00:00,2023-06-12 00:00:00,2023-06-13 00:00:00,2023-06-14 00:00:00,2023-06-15 00:00:00,2023-06-16 00:00:00,2023-06-17 00:00:00,2023-06-18 00:00:00,2023-06-19 00:00:00,2023-06-20 00:00:00,2023-06-21 00:00:00,2023-06-22 00:00:00,2023-06-23 00:00:00,2023-06-24 00:00:00,2023-06-25 00:00:00,2023-06-26 00:00:00,2023-06-27 00:00:00,2023-06-28 00:00:00,2023-06-29 00:00:00,2023-06-30 00:00:00,2023-07-01 00:00:00,2023-07-02 00:00:00,2023-07-03 00:00:00,2023-07-04 00:00:00,2023-07-05 00:00:00,2023-07-06 00:00:00,2023-07-07 00:00:00,2023-07-08 00:00:00,2023-07-09 00:00:00,2023-07-10 00:00:00,2023-07-11 00:00:00,2023-07-12 00:00:00,2023-07-13 00:00:00,2023-07-14 00:00:00,2023-07-15 00:00:00,2023-07-16 00:00:00,2023-07-17 00:00:00,2023-07-18 00:00:00,2023-07-19 00:00:00,2023-07-20 00:00:00,2023-07-21 00:00:00,2023-07-22 00:00:00,2023-07-23 00:00:00,2023-07-24 00:00:00,2023-07-25 00:00:00,2023-07-26 00:00:00,2023-07-27 00:00:00,2023-07-28 00:00:00,2023-07-29 00:00:00,2023-07-30 00:00:00,2023-07-31 00:00:00,2023-08-01 00:00:00,2023-08-02 00:00:00,2023-08-03 00:00:00,2023-08-04 00:00:00,2023-08-05 00:00:00,2023-08-06 00:00:00,2023-08-07 00:00:00,2023-08-08 00:00:00,2023-08-09 00:00:00,2023-08-10 00:00:00,2023-08-11 00:00:00,2023-08-12 00:00:00,2023-08-13 00:00:00,2023-08-14 00:00:00,2023-08-15 00:00:00,2023-08-16 00:00:00,2023-08-17 00:00:00,2023-08-18 00:00:00,2023-08-19 00:00:00,2023-08-20 00:00:00,2023-08-21 00:00:00,2023-08-22 00:00:00,2023-08-23 00:00:00,2023-08-24 00:00:00,2023-08-25 00:00:00,2023-08-26 00:00:00,2023-08-27 00:00:00,2023-08-28 00:00:00,2023-08-29 00:00:00,2023-08-30 00:00:00,2023-08-31 00:00:00,2023-09-01 00:00:00,2023-09-02 00:00:00,2023-09-03 00:00:00,2023-09-04 00:00:00,2023-09-05 00:00:00,2023-09-06 00:00:00,2023-09-07 00:00:00,2023-09-08 00:00:00,2023-09-09 00:00:00,2023-09-10 00:00:00,2023-09-11 00:00:00,2023-09-12 00:00:00,2023-09-13 00:00:00,2023-09-14 00:00:00,2023-09-15 00:00:00,2023-09-16 00:00:00,2023-09-17 00:00:00,2023-09-18 00:00:00,2023-09-19 00:00:00,2023-09-20 00:00:00,2023-09-21 00:00:00,2023-09-22 00:00:00,2023-09-23 00:00:00,2023-09-24 00:00:00,2023-09-25 00:00:00,2023-09-26 00:00:00,2023-09-27 00:00:00,2023-09-28 00:00:00,2023-09-29 00:00:00,2023-09-30 00:00:00,2023-10-01 00:00:00,2023-10-02 00:00:00,2023-10-03 00:00:00,2023-10-04 00:00:00,2023-10-05 00:00:00,2023-10-06 00:00:00,2023-10-07 00:00:00,2023-10-08 00:00:00,2023-10-09 00:00:00,2023-10-10 00:00:00,2023-10-11 00:00:00,2023-10-12 00:00:00,2023-10-13 00:00:00,2023-10-14 00:00:00,2023-10-15 00:00:00,2023-10-16 00:00:00,2023-10-17 00:00:00,2023-10-18 00:00:00,2023-10-19 00:00:00,2023-10-20 00:00:00,2023-10-21 00:00:00,2023-10-22 00:00:00,2023-10-23 00:00:00,2023-10-24 00:00:00,2023-10-25 00:00:00,2023-10-26 00:00:00,2023-10-27 00:00:00,2023-10-28 00:00:00,2023-10-29 00:00:00,2023-10-30 00:00:00,2023-10-31 00:00:00,2023-11-01 00:00:00,2023-11-02 00:00:00,2023-11-03 00:00:00,2023-11-04 00:00:00,2023-11-05 00:00:00,2023-11-06 00:00:00,2023-11-07 00:00:00,2023-11-08 00:00:00,2023-11-09 00:00:00,2023-11-10 00:00:00,2023-11-11 00:00:00,2023-11-12 00:00:00,2023-11-13 00:00:00,2023-11-14 00:00:00,2023-11-15 00:00:00,2023-11-16 00:00:00,2023-11-17 00:00:00,2023-11-18 00:00:00,2023-11-19 00:00:00,2023-11-20 00:00:00,2023-11-21 00:00:00,2023-11-22 00:00:00,2023-11-23 00:00:00,2023-11-24 00:00:00,2023-11-25 00:00:00,2023-11-26 00:00:00,2023-11-27 00:00:00,2023-11-28 00:00:00,2023-11-29 00:00:00,2023-11-30 00:00:00,2023-12-01 00:00:00,2023-12-02 00:00:00,2023-12-03 00:00:00,2023-12-04 00:00:00,2023-12-05 00:00:00,2023-12-06 00:00:00,2023-12-07 00:00:00,2023-12-08 00:00:00,2023-12-09 00:00:00,2023-12-10 00:00:00,2023-12-11 00:00:00,2023-12-12 00:00:00,2023-12-13 00:00:00,2023-12-14 00:00:00,2023-12-15 00:00:00,2023-12-16 00:00:00,2023-12-17 00:00:00,2023-12-18 00:00:00,2023-12-19 00:00:00,2023-12-20 00:00:00,2023-12-21 00:00:00,2023-12-22 00:00:00,2023-12-23 00:00:00,2023-12-24 00:00:00,2023-12-25 00:00:00,2023-12-26 00:00:00,2023-12-27 00:00:00,2023-12-28 00:00:00,2023-12-29 00:00:00,2023-12-30 00:00:00,2023-12-31 00:00:00,2024-01-01 00:00:00,2024-01-02 00:00:00,2024-01-03 00:00:00,2024-01-04 00:00:00,2024-01-05 00:00:00,2024-01-06 00:00:00,2024-01-07 00:00:00,2024-01-08 00:00:00,2024-01-09 00:00:00,2024-01-10 00:00:00,2024-01-11 00:00:00,2024-01-12 00:00:00,2024-01-13 00:00:00,2024-01-14 00:00:00,2024-01-15 00:00:00,2024-01-16 00:00:00,2024-01-17 00:00:00,2024-01-18 00:00:00,2024-01-19 00:00:00,2024-01-20 00:00:00,2024-01-21 00:00:00,2024-01-22 00:00:00,2024-01-23 00:00:00,2024-01-24 00:00:00,2024-01-25 00:00:00,2024-01-26 00:00:00,2024-01-27 00:00:00,2024-01-28 00:00:00,2024-01-29 00:00:00,2024-01-30 00:00:00,2024-01-31 00:00:00,2024-02-01 00:00:00,2024-02-02 00:00:00,2024-02-03 00:00:00,2024-02-04 00:00:00,2024-02-05 00:00:00,2024-02-06 00:00:00,2024-02-07 00:00:00,2024-02-08 00:00:00,2024-02-09 00:00:00,2024-02-10 00:00:00,2024-02-11 00:00:00,2024-02-12 00:00:00,2024-02-13 00:00:00,2024-02-14 00:00:00,2024-02-15 00:00:00,2024-02-16 00:00:00,2024-02-17 00:00:00,2024-02-18 00:00:00,2024-02-19 00:00:00,2024-02-20 00:00:00,2024-02-21 00:00:00,2024-02-22 00:00:00,2024-02-23 00:00:00,2024-02-24 00:00:00,2024-02-25 00:00:00,2024-02-26 00:00:00,2024-02-27 00:00:00,2024-02-28 00:00:00,2024-02-29 00:00:00,2024-03-01 00:00:00,2024-03-02 00:00:00,2024-03-03 00:00:00,2024-03-04 00:00:00,2024-03-05 00:00:00,2024-03-06 00:00:00,2024-03-07 00:00:00,2024-03-08 00:00:00,2024-03-09 00:00:00,2024-03-10 00:00:00,2024-03-11 00:00:00,2024-03-12 00:00:00,2024-03-13 00:00:00,2024-03-14 00:00:00,2024-03-15 00:00:00,2024-03-16 00:00:00,2024-03-17 00:00:00,2024-03-18 00:00:00,2024-03-19 00:00:00,2024-03-20 00:00:00,2024-03-21 00:00:00,2024-03-22 00:00:00,2024-03-23 00:00:00,2024-03-24 00:00:00,2024-03-25 00:00:00,2024-03-26 00:00:00,2024-03-27 00:00:00,2024-03-28 00:00:00,2024-03-29 00:00:00,2024-03-30 00:00:00,2024-03-31 00:00:00,2024-04-01 00:00:00,2024-04-02 00:00:00,2024-04-03 00:00:00,2024-04-04 00:00:00,2024-04-05 00:00:00,2024-04-06 00:00:00,2024-04-07 00:00:00,2024-04-08 00:00:00,2024-04-09 00:00:00,2024-04-10 00:00:00,2024-04-11 00:00:00,2024-04-12 00:00:00,2024-04-13 00:00:00,2024-04-14 00:00:00,2024-04-15 00:00:00,2024-04-16 00:00:00,2024-04-17 00:00:00,2024-04-18 00:00:00,2024-04-19 00:00:00,2024-04-20 00:00:00,2024-04-21 00:00:00,2024-04-22 00:00:00,2024-04-23 00:00:00,2024-04-24 00:00:00,2024-04-25 00:00:00,2024-04-26 00:00:00,2024-04-27 00:00:00,2024-04-28 00:00:00,2024-04-29 00:00:00,2024-04-30 00:00:00,2024-05-01 00:00:00,2024-05-02 00:00:00,2024-05-03 00:00:00,2024-05-04 00:00:00,2024-05-05 00:00:00,2024-05-06 00:00:00,2024-05-07 00:00:00,2024-05-08 00:00:00,2024-05-09 00:00:00,2024-05-10 00:00:00,2024-05-11 00:00:00,2024-05-12 00:00:00,2024-05-13 00:00:00,2024-05-14 00:00:00,2024-05-15 00:00:00,2024-05-16 00:00:00,2024-05-17 00:00:00,2024-05-18 00:00:00,2024-05-19 00:00:00,2024-05-20 00:00:00,2024-05-21 00:00:00,2024-05-22 00:00:00,2024-05-23 00:00:00,2024-05-24 00:00:00,2024-05-25 00:00:00,2024-05-26 00:00:00,2024-05-27 00:00:00,2024-05-28 00:00:00
FG001,Finished Good A,0,0,0,0,0,0,0,0,0,0,0,0,0,0,0,0,0,0,0,0,0,0,0,0,0,0,0,0,0,0,0,0,0,0,0,0,0,0,0,0,0,0,0,0,0,0,0,0,0,0,0,0,0,0,0,0,7,0,1,1,1,9,0,0,9,12,4,9,3,1,4,0,13,0,3,28,1,4,2,1,0,2,2,10,0,4,12,0,2,1,4,9,2,22,2,1,2,7,0,25,5,0,0,1,6,16,1,4,1,8,6,13,11,5,8,6,26,2,0,6,1,2,1,8,28,1,0,7,0,25,1,1,2,37,8,13,7,54,0,0,4,0,8,12,0,0,1,2,21,0,3,15,0,25,2,0,6,12,7,3,4,13,2,3,0,28,5,2,5,5,16,6,25,12,3,1,6,0,2,24,0,27,0,4,1,3,27,0,0,5,1,8,1,4,9,3,0,3,2,4,2,2,2,3,4,4,0,5,18,30,3,9,1,26,2,0,16,0,1,0,4,1,0,0,1,24,0,0,0,3,1,3,28,0,1,1,0,1,22,1,0,0,0,12,0,14,8,2,4,0,1,0,1,5,16,10,0,0,48,2,1,1,1,4,9,3,3,5,6,1,40,0,0,5,9,1,6,0,2,7,0,7,3,5,12,11,1,9,0,5,3,0,0,11,12,22,1,2,0,0,4,6,19,17,6,0,0,0,0,8,0,3,0,0,7,2,2,13,1,3,0,0,2,0,47,0,2,2,2,12,4,11,2,2,2,0,17,17,4,3,1,0,0,7,8,17,0,0,0,1,4,5,7,12,13,0,32,0,0,0,0,26,5,0,1,2,10,6,10,15,18,4,6,11,3,0,2,25,17,2,1,0,12,15,2,15,6,19,28,1,1,0,0,4,12,2,28,1,10,5,3,4,36,12,0,6,2,3,6,55,24,0,0,56,27,11,3,5,1,24,26,6,8,1,0,1,2,6,2,41,19,1,1,28,5,6,3,2,2,3,20,4,1,16,4,9,0,0,31,2,13,3,7,12,0,7,2,0,0,0,26,18,2,3,0,4,6,2,19,37,3,0,0,0,0,0,0,1,0,4,0,0,0,0,0,0,0,0,24,0,0,6,2,6,0,0,1,3,4,15,9,5,1,14,0,2,2,27,0,1,24,2,5,12
FG002,Finished Good B,0,1,18,30,0,0,0,0,9,9,10,33,4,6,11,6,11,23,25,0,10,13,23,2,14,5,20,0,5,13,6,17,18,8,2,1,0,11,5,41,3,12,2,23,14,35,1,8,9,1,15,6,10,5,2,9,3,8,7,7,14,11,6,17,1,14,32,0,0,6,0,5,9,8,43,3,0,5,8,7,4,3,25,3,8,3,2,2,3,2,5,29,9,12,7,10,6,31,0,15,7,1,13,3,26,1,2,2,47,0,0,0,0,35,0,4,3,0,8,7,6,5,0,4,24,0,0,0,0,7,21,0,0,0,18,2,0,7,6,11,6,2,5,4,2,8,4,15,8,1,2,8,14,2,7,15,6,5,27,2,14,27,1,6,9,10,11,1,34,2,4,2,5,35,9,8,1,4,6,24,28,0,7,3,3,3,21,17,12,2,4,19,16,7,2,4,20,4,5,7,3,45,0,12,9,2,4,12,2,9,1,7,8,25,13,17,0,6,14,0,6,15,4,11,0,0,15,15,12,11,3,5,0,23,8,2,25,0,5,4,5,17,1,0,2,0,1,6,26,2,0,4,18,1,7,14,29,4,3,2,52,2,2,7,0,1,0,4,4,5,11,10,25,0,7,3,6,10,6,31,4,1,7,4,4,2,0,10,3,1,0,7,1,11,29,0,18,0,4,6,1,1,2,4,7,2,0,5,29,0,4,0,22,3,25,0,0,2,5,19,0,0,0,7,0,0,0,0,0,0,0,0,6,14,1,3,4,4,6,5,9,9,10,9,12,11,10,7,4,3,11,1,15,0,4,3,37,24,6,3,5,0,0,0,0,9,7,29,2,5,8,0,3,17,16,0,4,48,6,3,1,11,9,1,4,1,6,5,12,8,0,9,0,0,2,6,3,4,0,3,39,18,0,0,0,6,3,12,2,10,4,1,7,3,5,10,0,1,3,31,12,11,0,5,6,20,2,3,6,5,2,5,79,10,0,0,3,3,9,2,3,0,0,0,0,1,7,16,0,3,4,3,0,30,16,0,0,5,9,4,29,1,10,2,8,4,3,8,0,1,0,3,3,11,2,3,10,8,0,7,0,6,0,0,1,0,4,7,11,8,3,1,12,22,11,3,6,3,0,2,3,0,4,0,5,18,10,2,0,6,6,2,2,5
FG003,Finished Good C,5,4,10,13,8,6,0,6,14,12,5,4,5,1,7,8,2,12,27,7,9,12,22,7,6,21,3,0,12,17,1,3,1,31,5,13,19,7,11,5,8,5,8,11,27,10,0,8,15,3,4,0,8,4,6,2,9,6,0,0,6,4,4,8,0,34,6,6,2,13,1,25,12,8,17,4,17,0,0,6,6,0,4,9,12,6,0,4,5,40,0,0,9,32,11,5,6,25,14,3,18,6,28,4,0,4,16,7,8,5,6,8,14,10,3,2,10,10,8,6,4,15,9,4,18,2,8,24,6,9,4,6,4,3,16,9,4,5,3,12,10,3,1,0,8,10,7,35,2,4,6,2,1,7,7,4,0,0,0,12,18,12,0,0,0,6,5,25,3,5,0,0,8,4,13,13,3,1,3,7,9,6,0,2,14,7,0,3,3,12,9,0,0,0,9,3,9,1,0,7,6,3,1,1,5,7,14,0,1,0,4,5,18,7,6,28,3,21,3,8,4,3,0,6,2,16,2,0,7,4,20,4,6,2,1,5,32,7,0,0,2,3,4,3,9,5,26,7,13,4,1,9,3,11,5,9,12,13,5,7,16,2,10,13,16,5,14,4,24,5,0,1,34,3,0,2,0,5,3,6,1,18,8,6,6,7,27,17,2,6,4,8,10,1,7,7,42,8,13,17,0,6,2,7,40,2,6,5,0,8,1,0,0,10,4,17,0,0,0,13,14,0,1,35,3,1,1,21,5,55,3,0,0,22,13,6,6,7,0,2,6,13,11,8,6,20,5,11,1,7,13,10,4,18,8,10,9,17,8,2,14,7,2,10,11,10,12,7,14,14,4,23,6,21,4,26,2,7,1,9,27,6,9,12,8,27,4,14,17,19,2,3,0,7,17,15,30,17,26,14,7,21,25,16,15,15,30,8,36,17,1,7,8,24,11,14,5,8,5,9,12,5,0,4,3,10,5,13,4,2,0,18,5,6,10,11,14,3,4,9,26,11,11,4,6,5,26,7,7,7,4,40,5,6,6,1,12,24,21,15,3,9,1,12,21,7,8,8,7,2,2,15,12,10,4,2,10,15,4,19,3,6,1,5,4,2,8,11,4,4,22,12,29,12,21,1,18,24,8,4,12,1,3,4,7,22,28,4,11,4,10,19,22,35
FG004,Finished Good D,2,2,0,1,2,4,0,2,4,3,1,2,3,0,0,5,1,3,0,1,2,3,2,3,2,1,2,0,1,1,5,4,3,2,1,5,2,0,0,0,0,0,0,0,0,0,0,0,0,0,0,0,0,0,0,0,0,0,0,0,0,0,0,0,0,0,0,0,0,0,0,0,0,0,1,2,1,1,3,3,3,0,1,2,3,2,5,2,4,1,1,2,5,1,3,1,3,2,1,4,3,2,1,3,4,2,2,1,1,0,4,0,1,2,3,2,5,4,3,4,2,3,1,1,3,0,3,1,5,0,3,4,2,3,0,3,2,3,5,1,3,3,3,1,6,2,5,1,1,5,1,0,2,0,7,3,1,0,7,2,0,3,2,0,8,4,2,2,1,1,2,1,2,0,1,4,5,4,5,2,2,2,1,3,1,3,0,1,0,2,3,2,3,2,3,2,3,3,4,0,2,1,1,3,2,2,2,3,3,0,3,0,1,4,1,4,3,4,2,1,3,4,1,3,2,3,1,3,1,3,1,8,0,2,0,2,4,2,1,1,1,2,3,3,0,5,2,4,1,5,0,3,2,3,1,2,1,1,2,1,4,1,0,3,3,1,3,1,1,1,4,1,6,2,7,3,5,5,1,3,2,2,3,1,0,3,1,1,9,3,2,0,1,2,1,2,0,2,4,1,2,0,4,2,2,0,4,7,6,9,6,4,3,7,1,1,2,2,4,1,5,4,0,3,6,2,2,1,5,3,2,3,1,3,3,2,3,3,4,1,2,3,3,4,4,7,3,0,2,1,4,0,3,5,2,3,1,3,1,4,4,0,4,3,2,3,2,2,1,3,5,1,1,1,6,0,1,3,2,2,5,2,2,3,2,4,2,0,3,2,3,2,0,2,3,1,1,0,6,3,1,3,1,0,3,2,3,3,2,2,1,2,0,2,5,3,0,2,3,5,2,2,5,4,2,2,2,1,2,5,6,1,2,1,2,1,4,3,3,5,3,3,0,0,1,4,2,3,1,5,3,1,0,4,4,0,3,6,1,1,4,5,3,8,1,0,1,1,5,5,2,5,2,0,0,0,6,0,3,2,1,0,4,4,2,2,7,2,4,0,2,4,3,0,6,3,3,2,3,2,0,0,2,3,0,4,4,1,0,0,4,1,2,4
FG005,Finished Good E,0,0,0,0,0,0,0,0,0,0,0,0,0,0,0,0,0,0,0,0,0,0,0,0,0,0,0,0,0,0,0,0,0,0,0,0,0,0,0,0,0,0,0,0,0,0,0,0,0,0,0,0,0,0,0,0,0,0,0,0,3,8,5,0,0,0,0,2,2,3,0,0,5,2,1,1,0,1,3,28,2,14,0,1,0,0,4,0,0,7,1,0,2,5,1,0,0,4,3,0,30,4,0,1,0,2,0,1,1,1,25,0,1,0,6,0,3,0,8,0,2,4,1,0,5,1,1,0,1,1,0,11,3,0,0,4,2,0,2,0,0,6,9,0,2,2,1,2,1,4,1,1,1,8,0,0,0,0,0,13,4,0,6,0,0,0,3,1,4,0,11,0,2,1,0,0,0,0,0,0,0,0,0,0,0,0,0,0,0,5,0,1,2,11,0,5,0,0,14,1,0,8,0,1,0,2,0,0,2,0,3,0,2,0,0,0,10,1,0,0,1,0,4,0,0,0,4,0,0,7,0,3,0,0,1,0,0,0,1,6,4,0,0,0,2,4,1,3,0,5,2,0,6,1,3,2,0,0,0,10,3,2,0,0,0,3,2,3,0,2,1,0,0,0,6,2,1,3,5,0,2,0,3,3,24,2,9,0,0,26,0,0,0,0,0,0,2,0,4,3,0,12,0,1,1,0,0,1,0,5,2,2,0,4,0,10,0,3,0,14,2,1,0,0,6,0,2,4,0,0,1,2,1,4,0,1,0,0,7,1,4,1,3,0,0,4,0,2,2,0,0,0,4,2,1,1,2,1,2,1,4,1,0,0,1,0,2,0,1,0,3,0,7,5,0,2,3,7,4,2,5,0,0,1,8,1,4,7,1,1,5,1,0,8,2,2,0,1,3,2,4,2,0,8,5,6,0,0,4,1,4,0,0,4,3,0,0,0,0,0,6,2,11,0,1,0,2,6,7,1,2,1,3,0,4,7,0,0,0,0,0,0,4,4,1,0,4,0,3,1,0,4,0,1,0,2,0,2,1,4,0,8,4,2,0,0,2,0,0,1,15,2,0,0,3,0,15,2,4,0,0,0,3,13,6,0,0,0,1,1,22,0,0,0,0,0,14,1,13,0,0,0,0,0,0,10,3,2,1,0,0,3,0,0
FG006,Finished Good F,0,0,0,0,0,0,0,0,0,0,0,0,0,0,0,0,0,0,0,0,0,0,0,0,0,0,0,0,0,0,0,0,0,0,0,0,0,0,0,0,0,0,0,0,0,0,0,0,0,0,0,0,9,0,1,1,1,1,6,3,4,1,1,2,8,3,5,7,1,6,4,3,4,5,1,2,3,4,1,3,3,2,1,0,2,5,3,5,1,4,1,7,6,5,5,3,3,2,7,4,3,3,6,6,2,2,5,6,2,6,5,2,7,2,3,6,4,1,2,1,9,2,2,7,15,7,8,8,1,5,5,3,4,10,5,10,6,4,2,6,5,7,12,6,5,1,8,6,2,11,8,7,1,8,5,7,9,4,12,4,2,5,12,6,7,8,5,6,7,14,6,7,7,7,11,8,11,9,11,9,10,5,9,18,21,16,9,15,5,9,14,19,4,5,11,5,9,7,9,4,13,5,3,12,14,5,7,10,3,5,7,8,8,7,2,15,9,10,7,9,10,5,2,10,10,8,9,11,7,7,5,14,10,13,6,8,4,11,10,8,9,5,10,2,11,16,8,7,12,10,9,11,5,10,11,9,4,5,8,5,8,12,4,3,4,7,9,11,4,10,3,4,6,6,10,12,8,11,9,11,10,16,13,12,9,7,9,11,6,9,12,4,4,3,14,11,12,4,6,5,9,9,9,19,9,14,5,8,10,8,2,18,6,15,10,10,19,23,24,15,10,23,15,24,23,14,15,15,16,19,20,13,13,12,14,11,24,15,17,21,14,9,17,12,15,13,12,11,7,0,0,16,11,9,2,10,5,0,6,9,10,7,14,8,21,15,7,11,19,9,23,25,13,13,4,19,6,7,13,9,15,6,5,4,10,14,5,14,9,14,4,5,0,6,6,2,8,5,10,7,14,8,10,6,7,16,11,18,22,5,5,8,9,11,19,7,6,6,4,4,13,9,9,4,5,2,6,8,13,9,19,4,15,10,5,10,12,14,5,11,5,5,15,9,9,8,4,5,14,9,15,8,16,7,12,8,9,11,8,8,7,16,11,5,14,6,7,7,11,7,8,14,1,4,7,2,5,8,10,3,3,8,5,6,9,7,9,12,3,12,11,16,8,8,12,5,7,10,10,1,0,8,3,6,3,7,8,6,8,4,13,8,12,8
FG007,Finished Good G,2,0,1,0,1,1,0,0,1,0,3,0,2,0,0,0,1,2,0,1,1,1,2,1,0,0,0,0,1,2,1,0,0,1,1,3,2,2,1,2,1,0,0,0,2,0,2,2,0,3,1,1,2,0,0,2,2,2,2,1,1,2,2,0,1,1,2,1,0,1,1,2,1,2,2,1,0,1,3,5,4,0,1,1,3,2,3,4,1,0,2,1,3,1,1,0,2,3,4,2,1,3,4,3,2,1,1,0,0,0,0,0,0,0,2,1,0,1,0,0,0,2,3,1,0,1,4,2,1,2,0,1,2,1,2,2,3,2,2,0,1,2,2,1,1,1,0,1,2,4,2,1,4,1,3,1,2,2,1,3,1,2,4,3,2,0,2,1,2,4,2,0,3,1,2,6,1,1,3,1,2,2,2,0,2,4,3,0,2,3,1,2,2,0,3,0,2,3,6,1,0,2,1,6,3,1,3,4,2,3,1,1,3,6,2,2,0,3,2,1,0,2,2,2,2,2,2,2,2,0,0,1,0,0,3,1,2,0,3,2,1,2,2,1,4,1,2,1,3,0,1,1,2,1,3,0,1,1,1,2,3,1,2,0,1,2,2,2,2,1,1,0,1,1,1,2,2,1,0,3,0,2,0,1,2,2,0,1,2,1,3,2,0,1,2,3,5,1,1,1,5,3,1,2,1,0,1,0,2,3,4,1,0,0,2,6,2,2,0,2,1,4,2,1,2,1,3,1,1,2,1,2,1,4,2,6,3,6,5,2,1,1,3,4,0,0,1,0,1,5,5,10,8,4,2,4,5,6,9,10,4,7,9,2,6,6,13,7,6,4,5,3,8,10,6,8,6,7,7,5,16,6,7,5,6,10,15,15,6,9,5,6,0,11,11,7,6,11,8,11,8,12,4,5,4,2,4,8,7,2,3,5,5,1,14,6,6,5,5,4,7,7,7,3,2,8,7,8,10,7,12,2,5,3,7,5,7,8,2,11,6,5,14,15,5,6,7,1,7,11,15,2,10,7,6,7,5,7,3,5,5,2,9,16,9,8,4,7,8,5,9,7,8,5,7,2,7,12,4,3,6,6,7,3,5,7,2,7,2,6,8,10,6,6,0,4,2,8,2,5,5,3,6,2,6,2,7,4,4,5,6,8,7,6
FG008,Finished Good H,0,0,0,0,0,0,0,0,0,0,0,0,0,0,0,0,0,0,0,0,0,0,0,0,0,0,0,0,0,0,0,0,0,0,0,0,0,0,0,0,0,0,0,0,0,0,0,0,0,0,0,0,0,0,0,0,0,0,0,0,0,0,0,0,0,0,0,0,0,0,0,0,0,0,0,0,0,0,0,0,0,0,0,0,0,0,0,0,0,0,0,0,0,0,0,0,0,0,0,0,0,0,0,0,0,0,0,0,0,0,0,0,0,0,0,0,0,0,0,0,0,0,0,0,0,0,0,0,0,0,0,0,0,0,0,0,0,0,0,0,0,0,0,0,0,0,0,0,0,0,0,0,0,0,0,0,0,0,0,0,0,0,0,0,0,0,0,0,0,0,0,0,0,0,0,0,0,0,0,0,0,0,0,0,0,0,0,0,0,0,0,0,0,0,0,0,0,0,0,0,0,0,0,0,0,0,0,0,0,0,0,0,0,0,0,0,0,0,0,0,0,0,0,0,0,0,0,0,0,0,0,0,0,0,0,0,0,0,0,0,0,0,0,0,0,0,0,0,0,0,0,0,0,0,0,0,0,0,0,0,0,0,0,0,0,0,0,0,0,0,0,0,0,0,0,0,0,0,0,0,0,0,0,0,0,0,0,0,0,0,0,0,0,0,0,0,0,11,6,6,10,9,11,11,8,8,7,6,17,19,7,10,22,15,9,12,9,10,20,6,9,23,10,0,13,6,5,5,8,4,14,11,8,13,6,9,4,8,9,20,19,5,10,10,15,12,14,7,12,18,14,12,23,8,10,19,5,11,9,9,6,11,8,4,9,5,14,12,11,11,11,12,12,25,11,11,19,8,19,15,11,13,6,8,17,9,8,17,9,1,6,18,0,5,14,2,9,11,11,7,24,24,9,17,11,10,14,24,11,16,22,12,13,17,25,16,10,8,6,11,4,19,10,7,8,4,11,12,12,8,17,10,13,8,20,30,35,26,39,27,37,30,21,21,40,6,11,10,10,9,15,4,4,5,4,10,8,12,6,7,11,16,8,16,17,15,18,18,13,14,14,23,15,21,9,7,9,16,6,8,11,5,11,15,6,5,3,7,11,10,9,18,35,14,13,22,11,15,22,14,15,23,5,15,13,17,26,10,10,5,9,11,8,4
FG009,Finished Good I,5,1,17,2,5,11,3,7,11,8,13,9,11,12,4,10,16,10,4,1,5,6,7,6,3,8,4,0,2,0,7,4,2,4,1,12,14,2,8,6,3,8,10,5,0,0,0,0,0,0,0,11,4,5,2,3,6,5,2,5,6,4,0,9,14,14,21,16,13,24,10,24,22,16,12,5,5,7,15,10,8,1,0,3,4,7,8,4,7,2,3,7,5,4,4,4,5,2,9,5,7,9,8,5,4,9,8,11,16,8,18,3,5,6,3,1,1,1,3,2,2,3,2,3,0,0,0,0,0,0,0,0,4,8,4,11,1,2,2,4,5,1,0,0,0,0,0,0,0,7,5,5,2,4,0,0,6,1,8,1,2,2,5,9,3,0,3,4,3,3,4,14,23,14,7,15,21,19,27,19,10,4,9,26,13,11,15,14,17,21,15,27,25,15,16,16,26,22,21,20,17,6,18,21,8,28,21,20,13,21,20,19,23,13,15,19,54,94,47,17,23,18,21,19,13,27,39,20,30,17,17,32,28,46,20,10,16,18,16,8,13,9,8,8,5,14,9,6,9,29,33,35,31,41,43,9,15,10,8,6,10,19,19,9,7,2,6,21,24,30,13,14,18,11,21,21,15,25,29,27,26,46,44,32,36,24,28,27,30,25,21,32,18,13,13,43,29,20,6,12,7,19,24,15,18,18,10,13,31,37,35,18,35,30,23,15,47,43,16,18,30,22,14,32,20,12,10,8,7,20,8,27,16,5,14,12,16,9,18,19,14,7,9,28,24,35,28,6,12,24,10,17,39,31,16,16,18,16,28,20,16,16,23,13,15,21,23,9,20,30,20,14,38,26,29,18,21,15,16,35,24,15,18,14,15,25,20,16,11,19,19,14,0,13,14,10,10,23,20,13,17,11,4,13,4,2,10,20,18,5,4,11,15,9,7,5,3,10,5,7,3,11,15,10,8,9,7,9,11,16,4,6,30,5,25,32,26,15,34,21,36,38,36,47,26,26,24,14,12,29,36,15,19,33,18,21,40,34,16,3,14,18,7,14,14,13,8,10,12,12,19,21,17,23,7,16,9,33,26,8,10,17,11,15,28,19,25,23,27,24,23,25,38,8,17,9,13,16,14,20,11,16,8,20,41,35,48,4,12,8,14,11,15,15
FG010,Finished Good J,15,32,30,18,24,39,22,25,33,51,50,32,20,20,37,38,52,50,31,3,23,20,35,43,32,17,24,0,34,25,61,23,29,52,17,49,40,49,41,36,12,25,27,57,60,38,18,26,25,20,47,59,31,24,29,10,25,28,44,25,22,27,34,25,36,28,45,43,27,34,24,41,69,50,20,22,30,24,23,56,44,19,18,22,26,52,45,25,27,28,22,20,35,61,47,38,34,31,48,46,85,31,33,36,39,22,37,66,35,21,31,24,22,26,49,24,23,28,16,27,38,0,0,0,0,0,0,0,10,40,36,14,21,20,36,68,46,39,23,24,53,32,70,25,37,21,37,20,41,50,29,38,13,22,31,56,27,55,41,19,20,36,49,56,50,46,14,24,38,47,50,32,38,20,24,19,38,25,38,27,26,35,26,33,62,33,41,45,35,47,55,31,58,53,5,35,34,45,65,52,30,30,16,39,33,74,57,37,6,23,27,39,56,42,31,27,43,82,53,34,48,32,18,33,22,53,1,0,38,33,33,61,60,53,0,38,31,33,40,52,16,57,0,0,37,32,60,11,0,0,0,51,25,57,59,48,39,21,31,37,52,58,51,48,17,18,32,32,50,45,19,25,21,19,38,55,30,22,44,40,39,48,62,0,32,24,23,26,41,52,33,36,18,27,25,48,51,33,37,26,18,39,33,47,44,23,18,17,23,41,49,47,27,18,24,42,39,40,35,33,21,23,28,25,35,32,25,28,24,19,42,17,30,28,24,21,24,30,33,35,48,7,38,21,57,11,50,33,17,41,33,64,10,29,41,18,33,35,32,41,47,22,27,36,47,42,36,35,14,53,48,25,43,37,36,36,35,29,43,59,8,56,50,14,32,23,35,46,26,32,28,36,0,39,31,20,29,39,35,6,62,8,50,42,17,34,33,63,19,30,25,35,34,26,55,25,46,27,7,24,29,49,17,46,35,19,31,40,28,42,48,46,24,44,39,59,28,35,42,23,35,29,35,60,58,41,1,24,45,46,62,35,37,16,25,0,0,0,0,0,0,0,0,0,0,0,0,0,0,0,0,40,46,32,20,27,27,43,50,59,29,23,21,23,46,58,2,17,19,27,18,56,51,29,44,24,27,20,44,54,54,42,20,35,38,56,30,43,25,33,22,29,39,55
FG011,Finished Good K,11,13,17,10,19,13,8,20,32,13,15,12,16,6,20,19,20,13,7,13,12,12,15,18,14,19,39,0,19,16,18,23,17,26,13,28,33,24,18,23,8,10,26,24,27,15,25,10,20,14,25,21,17,13,13,12,16,14,25,15,10,8,6,17,27,15,16,19,10,32,17,23,34,16,8,16,14,18,32,26,27,10,9,13,11,19,23,12,14,7,10,17,19,17,21,14,13,21,18,28,24,13,24,14,19,0,26,33,20,16,13,0,0,0,0,0,0,0,0,0,0,0,0,0,0,0,0,0,0,0,0,0,0,0,0,0,0,0,0,42,20,28,35,20,15,14,13,22,28,35,16,17,11,8,24,30,36,21,16,20,16,17,26,28,22,19,13,13,14,19,20,18,18,10,13,21,22,28,36,9,5,9,20,23,26,20,18,15,17,25,23,48,1,0,0,0,0,0,0,0,0,0,0,0,0,0,0,0,0,0,0,0,0,0,0,0,0,0,0,0,0,64,25,30,27,40,56,35,34,17,13,35,37,36,16,23,15,14,31,30,29,28,18,29,19,32,32,40,26,34,29,34,52,39,43,0,0,0,0,0,0,0,0,0,0,0,0,0,0,0,0,0,0,0,0,0,0,0,0,0,0,0,0,0,0,0,37,29,55,56,31,26,20,11,15,31,45,12,14,16,10,15,37,37,17,15,15,19,15,27,43,22,27,17,20,22,42,34,24,29,22,10,22,30,24,15,12,23,20,14,19,33,21,9,17,15,28,37,35,20,18,18,15,22,34,32,23,17,16,14,11,26,28,19,11,15,16,16,24,26,26,20,34,51,10,29,12,6,8,18,23,22,19,40,17,8,20,18,19,21,29,20,18,14,22,12,32,23,16,26,38,55,0,19,25,12,17,16,50,20,19,30,28,17,17,22,22,34,30,13,12,14,16,20,34,25,21,13,15,14,17,30,29,19,12,13,16,23,26,34,19,21,17,9,20,29,35,26,15,13,30,20,25,31,14,13,23,14,24,32,27,22,16,8,13,25,29,22,24,14,23,26,15,42,33,21,13,37,17,17,20,32,12,17,18,8,20,11,18,16,10,9,14,15,28,34,16,12,19,18,14,34,33,15,19,26,15,22,31,25,20,16,15,15,9,29,30,19,14,17,15,17,14,34
FG012,Finished Good L,72,46,31,51,41,48,68,59,59,40,40,40,37,43,49,58,56,45,35,30,55,55,81,67,52,76,75,0,82,38,35,36,48,57,42,68,58,34,39,43,27,36,39,56,50,42,39,45,51,35,57,35,27,44,24,28,37,57,32,37,36,30,40,52,68,33,37,51,49,42,63,84,63,49,48,52,84,71,68,51,62,50,40,45,47,57,39,38,48,43,40,55,79,60,56,65,40,43,42,48,42,56,42,41,45,57,45,54,62,48,53,42,50,46,29,31,35,35,30,45,45,37,35,36,54,48,48,83,61,46,57,40,46,56,55,65,45,58,30,41,37,44,45,31,38,35,35,48,45,43,43,34,35,27,41,77,48,39,28,46,56,57,56,37,36,37,31,27,44,46,36,38,35,32,41,43,49,24,53,24,35,25,43,41,32,32,48,44,44,57,64,42,44,61,46,38,48,48,55,44,57,36,33,65,61,56,34,47,41,28,25,41,41,25,35,40,52,81,51,45,53,43,39,45,51,48,61,44,54,48,40,61,37,44,43,45,40,49,56,61,45,49,46,35,61,72,81,70,52,47,37,40,51,41,54,32,59,44,41,65,68,60,53,60,50,33,57,57,46,49,45,57,53,70,55,45,63,96,70,69,59,52,49,64,44,47,47,54,42,52,59,84,52,69,58,51,60,46,51,41,48,63,46,50,42,43,35,45,57,70,51,41,60,47,76,71,65,55,47,50,41,60,53,50,53,36,49,51,37,39,45,58,47,30,39,44,71,44,37,41,36,41,55,59,61,42,50,45,46,38,50,77,72,41,35,38,59,58,68,42,44,48,62,85,71,53,35,32,50,43,51,57,73,51,37,36,37,39,51,42,39,41,43,53,49,49,55,42,51,68,70,86,0,55,31,25,32,36,42,53,67,41,39,36,38,41,48,44,43,34,38,39,48,56,48,27,43,45,32,37,28,51,45,19,29,26,33,44,43,37,46,39,30,45,38,55,45,33,39,48,91,68,68,80,52,43,46,48,54,62,45,23,35,43,61,51,59,65,48,42,52,57,57,61,67,51,50,64,45,63,46,49,45,47,42,60,51,63,63,38,40,35,43,68,62,60,46,50,42,50,50,56,44,35,53,36,40,39,55,45,45,45,45,53,51,59,46,49,38,37,43,55,40,38
FG013,Finished Good M,24,18,35,21,37,0,0,0,0,0,0,0,0,0,0,0,0,0,0,17,18,12,19,26,20,58,43,0,29,38,25,33,25,73,24,60,65,62,46,49,36,39,40,59,54,50,29,17,20,21,37,29,25,18,11,7,17,16,23,13,8,12,9,22,29,11,30,35,21,13,12,26,27,26,20,16,28,17,31,39,34,14,13,26,14,44,37,12,15,7,7,14,9,11,31,22,16,5,21,14,32,14,13,15,6,15,15,19,14,11,12,4,14,13,17,8,7,10,9,9,15,18,4,16,14,22,33,29,21,19,14,13,24,18,27,24,16,17,18,17,9,14,21,19,9,9,6,14,19,20,6,8,2,11,8,27,35,14,18,12,5,8,9,13,26,25,8,14,11,9,14,6,10,5,4,7,6,10,18,13,7,5,6,7,9,5,13,5,9,11,13,16,11,23,14,17,9,10,22,14,13,19,11,8,6,13,11,12,12,14,8,7,7,10,5,12,18,11,9,17,18,18,13,20,11,12,16,20,18,12,15,15,16,7,6,5,0,0,7,12,16,23,12,12,9,14,7,32,24,12,12,20,10,22,20,11,10,17,16,30,13,10,0,0,3,7,7,14,26,21,14,16,10,18,14,25,18,11,27,23,24,24,20,18,21,29,16,14,20,45,29,29,9,20,17,19,38,15,22,16,8,11,20,33,20,8,15,19,23,37,34,35,27,19,31,18,33,39,27,13,30,28,19,38,40,22,23,13,17,14,24,20,16,19,9,9,25,22,30,21,24,18,12,33,15,35,32,1,12,11,15,25,23,24,13,23,20,29,25,39,26,35,27,17,18,21,27,23,18,37,33,0,0,0,0,0,0,0,0,0,61,40,32,48,25,24,26,47,31,31,31,56,0,32,44,25,27,39,78,40,58,83,42,61,41,48,37,55,66,44,40,22,22,32,46,28,28,28,11,17,19,21,26,15,17,20,17,15,56,51,29,44,29,22,41,48,60,48,24,20,36,31,32,49,40,23,28,25,22,38,27,24,18,13,19,17,29,35,23,19,31,30,25,38,67,40,21,22,31,33,39,48,18,2,11,15,14,24,25,16,7,15,20,30,44,44,32,22,24,21,31,54,29,27,37,30,26,28,31,46,30,37,21,24,24,28,34,24,24,16,21,23,20,31
FG014,Finished Good N,0,0,0,0,0,0,0,0,0,0,0,0,0,0,0,0,0,0,0,0,0,0,0,0,0,0,0,0,0,0,0,0,0,0,0,0,0,0,0,0,0,0,0,0,0,0,15,41,25,27,1,0,16,12,15,16,22,36,20,16,21,23,13,20,43,15,18,18,12,18,22,56,22,22,18,11,34,16,22,25,20,8,13,15,15,21,12,18,17,16,12,31,28,26,14,28,27,22,18,24,28,0,0,0,0,0,0,0,0,0,0,0,0,0,0,0,0,0,0,0,0,0,0,0,0,0,0,0,0,0,0,0,0,0,0,0,0,0,0,0,0,0,41,13,18,19,27,26,35,32,26,28,12,19,25,48,33,33,26,11,25,18,33,26,11,24,17,15,20,18,14,10,19,13,16,36,8,13,15,16,7,14,6,39,13,16,14,25,24,26,25,45,12,17,14,12,32,16,30,21,17,12,33,26,15,28,17,26,11,28,14,22,13,7,15,22,19,57,26,14,29,22,14,13,36,32,19,23,26,9,15,27,19,23,22,16,28,0,0,0,0,0,0,0,0,0,0,0,0,0,0,0,0,0,0,0,0,0,0,0,0,0,19,22,14,22,15,36,26,16,13,22,14,29,19,26,14,32,21,14,22,34,28,36,26,10,12,23,29,16,23,20,23,14,37,27,28,11,18,12,20,37,14,34,19,18,17,14,14,21,18,9,39,19,22,28,21,29,27,12,13,15,29,28,26,23,9,11,9,27,38,24,8,22,10,11,18,27,20,21,11,0,0,0,0,0,0,0,0,0,0,0,0,0,0,0,0,0,0,0,0,0,0,0,0,0,0,0,0,0,0,0,0,0,0,0,0,0,0,0,0,0,0,0,0,0,0,0,0,0,0,0,0,0,0,0,0,0,0,0,0,0,0,0,0,0,0,0,0,0,0,0,0,0,0,0,0,0,0,0,0,0,0,0,0,0,0,0,0,0,0,0,0,0,0,0,0,0,0,92,81,15,48,38,37,24,26,34,30,27,40,19,23,20,15,28,41,35,17,14,25,26,18,42,30,11,23,20,15,29,41,37,19,46,28,28,26,46,34,23,19,13,5,23,26,50,25,11,5,14,28,25,38,22,22,16,24,14,23,26,35,22,23,18,25,48,28,18,14,10,14,33,52,14
FG015,Finished Good O,0,0,0,0,0,0,0,0,0,0,0,0,0,0,0,0,8,19,12,9,13,12,9,7,10,9,4,0,7,6,5,7,7,10,6,17,20,11,3,23,6,9,14,8,0,0,0,0,0,0,0,19,11,6,4,5,9,6,5,18,16,15,11,21,48,21,39,36,15,27,13,37,13,14,14,15,18,13,22,13,17,4,4,5,13,12,13,9,13,4,17,6,7,7,10,10,6,9,7,11,9,7,7,2,9,8,10,14,25,14,18,4,12,6,6,3,4,4,1,0,0,0,0,0,0,0,0,0,0,0,0,1,10,6,7,12,9,1,3,9,13,4,0,0,0,0,0,0,0,15,7,7,1,3,1,2,13,4,6,1,6,3,13,2,3,0,2,3,1,3,7,19,32,25,13,34,27,27,29,19,9,13,24,17,19,15,7,7,15,30,21,14,31,21,22,17,42,31,34,21,32,19,29,38,23,37,17,35,31,29,37,26,29,30,35,37,69,157,53,37,39,34,25,29,37,40,40,22,41,22,24,50,67,50,26,19,28,27,43,22,26,5,10,23,13,18,18,14,19,25,59,76,43,60,69,13,24,29,22,14,29,32,20,18,13,5,16,41,43,38,14,29,30,24,45,39,39,27,36,44,56,57,82,70,45,47,50,52,57,34,27,53,35,30,32,48,39,32,22,16,19,31,38,26,29,26,18,26,49,62,48,31,41,31,26,41,38,65,21,22,24,17,21,25,50,22,16,18,20,20,13,15,8,13,7,18,21,12,11,29,30,18,11,32,25,42,35,15,17,27,12,26,35,27,18,15,17,22,10,23,6,9,8,12,18,17,20,18,6,7,27,24,20,33,35,23,23,22,30,55,30,26,34,26,24,38,30,18,16,36,28,14,0,13,13,12,7,4,26,10,19,23,10,27,17,6,14,26,17,12,2,15,24,24,18,9,11,9,13,6,2,8,10,5,4,6,2,4,7,9,9,22,27,24,28,36,17,12,10,28,14,17,18,16,14,10,34,11,20,30,29,15,5,25,5,19,33,20,16,12,16,19,26,17,17,15,17,12,8,4,10,15,10,17,4,6,5,5,4,3,2,6,7,7,14,7,27,32,26,23,30,38,26,11,19,25,12,24,33,41,22,22,31,31,61,58,61,10,11,4,14,21,25,9
FG016,Finished Good P,1,11,10,0,0,0,0,0,0,0,0,0,0,0,0,0,0,0,0,0,0,0,0,0,0,0,0,0,0,0,0,0,0,0,0,0,0,23,6,5,14,9,14,19,15,22,16,21,12,24,33,0,15,15,12,10,24,10,14,17,10,24,12,26,21,13,22,7,9,10,15,16,20,18,1,14,9,0,0,0,0,0,0,0,0,0,0,0,0,0,0,0,0,0,0,0,0,0,0,0,0,0,0,0,9,14,18,23,21,10,7,4,15,12,17,7,19,13,2,17,23,21,13,19,4,13,31,6,21,22,14,18,10,21,15,24,13,17,9,15,14,13,13,18,15,7,10,10,20,23,14,4,6,5,7,16,20,5,10,2,19,17,12,10,17,21,9,0,0,0,0,0,0,0,0,0,0,0,0,0,0,0,0,0,0,0,0,0,0,0,0,0,0,0,0,0,0,0,29,11,7,7,17,18,16,14,12,9,16,7,16,11,4,15,8,15,12,19,10,12,16,18,9,4,16,28,12,26,12,10,11,11,25,7,4,13,11,11,16,22,11,15,20,8,9,23,23,12,11,13,14,11,11,24,16,8,15,37,11,16,23,14,13,5,26,8,38,19,10,11,10,22,13,13,15,12,17,21,11,10,17,18,6,10,10,17,11,34,37,15,24,15,12,15,28,20,12,15,16,9,8,23,28,10,10,14,3,9,7,13,8,6,15,11,8,17,17,21,15,10,13,14,22,18,17,7,15,13,7,10,17,3,5,6,23,21,16,24,9,16,18,1,14,22,14,6,6,12,13,3,11,19,11,9,15,22,11,8,15,6,11,23,30,20,13,12,12,8,10,11,0,0,0,0,0,0,0,0,0,0,0,0,0,0,0,0,0,0,0,0,0,0,0,0,0,0,0,0,0,0,0,0,0,0,0,6,11,18,12,18,9,16,15,14,27,24,10,14,10,19,9,18,19,11,15,8,9,12,28,13,16,9,16,16,15,20,20,14,16,16,18,13,25,14,19,15,13,12,20,14,35,11,20,11,11,12,27,18,22,12,12,10,14,10,11,12,24,9,12,14,20,13,13,13,16,6,18,6,19,6,11,9,2,16,22,18,6,17,1,17,13,22,14,10,14,8,10,12,13,14,11,9,14,15,24,22,15,6,11,32,2,10,17,11
FG017,Finished Good Q,8,11,27,5,52,23,12,13,0,33,21,20,2,17,43,21,15,0,1,0,1,0,0,0,11,21,5,0,9,11,10,47,1,9,13,14,33,32,14,14,4,29,8,8,33,14,4,0,4,0,0,0,0,0,0,0,0,0,0,0,0,0,1,0,0,0,0,0,0,0,0,0,0,0,3,11,28,22,19,39,4,14,44,12,1,5,2,15,24,4,8,6,11,19,25,2,23,25,0,1,0,24,6,44,5,22,21,34,13,6,2,20,3,23,2,13,15,3,11,6,17,2,6,9,4,11,14,14,17,40,8,17,32,20,21,9,3,7,58,23,17,12,21,2,2,9,0,0,6,10,3,5,7,2,1,9,31,11,9,19,10,6,12,3,9,10,22,15,15,10,12,10,10,2,1,2,15,4,5,9,11,8,3,21,11,1,0,0,8,19,38,18,6,11,3,13,18,12,2,10,7,6,1,1,7,0,0,1,4,0,2,0,0,0,0,0,0,0,0,0,1,2,0,1,0,0,2,0,0,1,0,0,0,0,0,0,0,0,0,0,0,0,0,0,16,19,17,34,31,32,35,12,0,26,19,17,30,9,7,26,15,25,8,17,20,14,36,11,11,2,4,10,11,10,5,13,9,43,34,37,19,38,57,4,0,0,25,23,9,30,12,22,5,3,32,2,8,4,2,5,8,181,15,4,1,1,0,0,0,0,0,0,0,2,0,0,23,18,8,12,13,8,6,9,11,8,20,35,5,15,15,25,9,13,2,3,21,2,3,18,3,21,84,75,22,25,29,4,23,19,14,15,12,24,13,14,25,10,5,12,7,13,17,17,16,17,9,15,21,42,24,24,62,41,3,33,38,6,12,14,10,25,20,7,21,6,5,25,42,15,11,31,0,7,13,7,15,20,18,14,54,18,55,27,25,13,22,53,53,18,30,13,47,47,64,42,25,11,32,17,28,22,21,18,21,8,18,19,23,37,38,41,54,16,16,78,15,13,32,6,40,64,37,66,40,31,10,12,17,20,59,6,9,21,8,5,36,33,22,10,25,41,24,38,35,34,55,12,18,18,20,8,11,48,9,30,8,26,41,4,16,8,7,8,18,2,2,10,0,11,16,2,30,28,18,57,2,28,38,36,19,16,5,26,23,31,8,12,19,3,20,15,17,16
FG018,Finished Good R,14,18,6,7,5,5,8,5,12,4,1,2,2,10,8,6,9,7,10,10,6,6,3,10,5,6,5,0,3,6,16,7,10,9,1,6,9,12,8,10,1,7,3,10,9,22,1,24,4,6,9,7,11,3,13,8,3,9,6,4,3,5,0,7,33,5,3,7,7,0,2,10,10,2,4,10,5,10,6,0,9,6,10,10,20,13,17,6,12,5,4,3,4,8,17,4,8,11,12,5,16,10,7,6,7,9,8,0,12,2,5,6,18,12,7,1,5,1,7,16,8,15,0,0,2,7,5,0,0,3,22,1,3,11,9,7,3,4,22,3,9,10,5,9,6,2,1,3,20,7,9,1,9,0,10,8,18,7,4,2,9,6,5,19,8,5,3,5,8,6,1,8,5,8,7,4,1,11,15,2,7,3,4,5,22,5,5,8,5,6,9,7,15,0,1,6,2,8,26,7,9,5,15,6,8,12,10,11,4,5,5,9,13,15,1,5,7,6,7,16,18,5,10,11,6,10,9,4,8,14,5,11,9,16,14,9,10,9,8,17,14,6,15,10,7,7,19,9,23,14,7,0,0,0,0,0,0,0,0,0,0,0,0,0,0,0,0,0,0,0,0,0,0,0,0,0,0,0,0,0,0,0,0,0,0,0,0,0,0,0,0,0,0,0,0,0,0,0,0,0,0,0,0,0,0,0,0,0,12,29,15,21,11,22,33,10,17,31,27,15,28,16,16,19,24,15,7,9,7,2,11,18,7,5,9,3,3,2,5,11,14,1,7,10,14,13,11,9,8,4,4,13,4,10,2,9,3,7,5,10,11,1,2,8,9,10,6,4,2,10,1,5,11,8,8,7,2,0,10,13,5,2,5,18,0,7,12,6,8,2,6,4,0,11,8,0,0,0,8,2,11,10,0,6,1,3,15,12,5,11,0,0,0,10,12,6,0,5,8,4,4,13,8,3,10,4,4,9,3,10,8,7,0,0,10,16,12,21,7,7,6,7,11,9,11,6,13,2,9,5,4,4,9,3,4,4,29,17,10,6,11,7,4,9,18,8,11,10,10,6,14,17,19,22,4,12,13,16,9,15,4,1,4,17,3,4,0,8,6,3,8,7,13,6,11,4,0,1,14,10,30,4,12,6,7,8,15,12,5,9,4,12,12,16
FG019,Finished Good S,30,25,9,7,15,11,10,22,18,24,9,24,18,14,19,26,20,17,22,15,29,35,21,16,13,48,21,0,33,23,23,7,11,14,18,31,17,21,10,14,9,9,16,22,21,9,18,15,18,17,21,15,14,21,12,8,13,19,14,15,15,12,16,25,29,11,21,23,9,20,38,31,29,38,29,15,28,23,19,18,11,15,18,26,18,28,20,18,22,18,20,31,34,25,24,14,25,16,26,29,21,16,24,15,25,20,29,32,26,24,22,10,18,20,18,13,17,20,19,13,17,16,12,15,14,14,27,41,27,15,20,11,12,25,24,21,17,14,21,18,18,21,18,4,15,12,14,16,16,14,10,7,10,11,22,29,31,14,18,22,18,29,20,20,13,18,15,14,20,18,18,18,17,13,26,19,21,12,16,13,14,12,11,16,14,14,18,12,24,25,25,19,12,21,24,14,19,18,21,19,33,9,22,12,21,20,7,17,14,19,9,15,15,6,23,12,17,33,21,16,20,11,7,14,24,18,23,16,30,10,15,25,26,19,18,20,11,23,19,16,15,15,13,18,12,29,24,34,20,25,25,20,14,22,23,13,24,12,13,31,30,40,16,35,23,16,29,13,21,12,18,10,21,22,21,32,30,23,23,29,19,30,30,21,17,21,31,34,39,25,21,35,22,23,18,39,27,13,9,17,20,14,30,28,14,8,11,22,30,15,31,25,21,18,21,23,28,30,11,26,30,28,20,30,39,18,28,16,30,27,38,21,22,17,20,21,29,27,32,12,26,10,31,17,41,16,30,26,12,27,21,27,21,25,13,15,26,18,36,22,21,24,30,33,25,24,21,26,12,17,26,38,36,26,15,22,30,21,25,42,35,24,19,27,29,35,30,40,23,26,25,39,0,35,23,12,20,15,32,23,35,17,32,25,16,10,16,15,17,20,21,18,28,22,29,17,9,15,22,13,14,21,18,10,12,12,13,13,38,30,26,13,23,16,28,29,22,21,14,21,33,29,36,35,31,27,20,24,30,39,28,23,29,18,20,20,26,22,24,28,24,24,23,30,23,40,25,12,26,21,29,35,23,25,26,24,23,36,24,19,23,15,20,36,49,34,22,24,22,13,20,47,51,18,15,20,26,18,41,28,21,17,16,28,25,43,37,41,30,23,24,26,43,25
FG020,Finished Good T,0,0,0,0,9,20,13,14,37,21,23,26,17,15,6,0,0,3,0,0,0,0,0,0,0,0,0,0,0,22,18,6,6,8,2,32,25,15,5,0,2,0,1,0,13,4,4,0,0,2,1,0,0,0,0,0,0,0,1,0,0,0,2,0,0,0,0,0,0,1,0,0,0,29,13,14,16,12,10,4,14,2,3,9,0,11,23,0,7,3,2,9,9,16,47,18,9,20,22,18,9,27,14,29,4,14,9,19,5,23,3,13,5,11,0,7,0,5,9,8,8,2,0,10,6,7,6,13,18,25,12,9,4,2,18,14,22,6,1,0,5,7,2,5,0,3,7,0,2,11,4,8,5,3,0,23,17,2,12,16,0,4,5,2,9,7,13,9,6,4,24,3,5,1,4,2,4,10,3,10,2,6,0,0,19,2,18,11,7,6,7,9,5,21,4,7,10,2,25,17,0,4,9,2,11,2,8,1,2,2,4,0,11,1,0,12,9,10,0,7,27,17,11,2,6,19,22,0,13,7,11,4,11,5,10,1,4,1,4,1,5,4,8,5,2,11,7,14,11,17,40,15,4,2,1,3,6,15,14,15,12,12,13,8,9,9,1,0,2,2,2,2,6,9,2,11,2,8,28,5,3,1,0,12,4,6,4,5,19,20,11,8,9,1,3,4,4,0,0,0,0,2,3,3,3,7,2,0,7,12,1,2,3,2,3,17,19,18,13,13,13,8,8,1,18,4,3,3,1,14,2,14,9,0,0,11,8,5,10,18,18,2,16,16,8,25,10,8,17,3,6,10,2,21,1,9,6,11,0,1,5,0,1,0,4,8,2,5,2,6,3,3,12,6,0,1,1,11,2,29,2,0,0,0,0,0,1,0,0,0,0,0,0,0,0,0,0,0,0,0,34,26,10,5,8,3,18,53,26,8,13,1,10,3,0,2,0,2,12,11,6,16,26,15,7,11,8,19,12,25,7,5,0,2,0,0,17,66,22,35,16,12,49,14,0,0,0,8,12,22,31,11,4,16,5,15,8,18,5,9,9,7,0,3,17,4,17,16,16,15,11,10,8,33,3,7,2,2,2,4,0,12,7,9,3,24,6,3,9,0,8,16,13,6,9,5,2,3,1,0,7,15,5,4,15,0,0,0,10,0,5,2,3,3
FG021,Finished Good U,59,33,27,25,31,28,30,45,46,35,35,27,24,37,41,44,44,30,27,23,31,37,48,48,39,62,65,0,42,25,38,20,29,42,21,39,35,25,28,35,21,28,36,37,36,36,16,17,24,42,39,43,30,15,24,27,21,37,19,19,22,22,19,34,46,22,42,33,24,20,38,49,40,27,36,35,36,40,40,48,39,25,10,25,35,53,42,20,24,24,29,33,49,38,25,38,37,24,31,40,39,17,25,28,24,25,41,47,35,22,21,23,24,39,33,15,21,17,14,14,29,20,19,27,32,28,37,49,44,26,21,24,24,39,27,28,27,21,32,19,22,34,35,15,21,26,29,31,34,20,23,31,13,23,43,58,50,24,29,33,29,39,37,49,26,20,24,27,43,37,37,25,25,21,41,30,37,32,37,32,15,41,36,37,29,31,28,42,37,34,40,43,29,30,29,33,41,48,38,31,29,23,19,27,34,35,16,38,16,29,25,47,44,33,26,22,38,76,37,36,29,24,14,30,31,39,41,32,42,25,24,43,36,42,25,34,9,26,41,39,25,40,35,29,38,48,30,63,46,31,32,36,25,38,49,38,37,33,37,47,63,54,30,34,36,17,42,57,53,30,33,26,41,24,41,53,50,46,36,38,35,41,45,44,26,44,31,40,59,35,44,44,32,28,38,50,50,23,34,31,21,38,33,42,21,15,17,35,39,40,35,36,38,29,30,11,35,49,32,33,36,42,47,39,55,39,24,33,22,41,37,36,18,33,18,37,46,50,35,27,29,14,28,43,46,48,30,36,30,22,31,45,36,32,25,29,20,51,44,43,32,32,48,64,63,43,35,23,30,34,38,47,50,46,24,18,37,30,34,42,39,32,29,32,29,25,50,47,26,34,53,45,0,27,24,8,26,24,34,44,37,28,27,33,28,15,27,34,30,22,22,30,18,25,35,30,14,16,18,25,21,32,30,16,9,15,23,18,29,19,25,17,24,17,32,34,28,17,30,30,31,36,38,46,37,20,27,16,25,49,23,21,25,16,23,18,42,29,33,19,30,32,31,44,44,28,43,34,30,34,41,41,28,31,33,25,37,38,50,28,24,17,21,46,46,25,29,24,27,20,37,34,37,21,15,35,33,25,35,38,32,16,27,29,37,48,40,35,22,25,31,35,47,44
FG022,Finished Good V,21,35,23,28,31,39,14,36,29,37,31,27,26,30,36,31,38,44,26,27,20,28,19,39,15,30,33,0,29,34,38,26,29,50,25,48,45,40,40,57,33,43,49,65,65,51,41,40,46,40,29,13,22,16,12,20,19,30,27,16,17,11,8,19,29,16,25,30,28,17,29,39,54,32,25,18,28,20,30,30,30,23,21,17,20,36,30,26,12,21,14,19,19,27,28,22,18,25,24,21,38,35,19,26,28,29,38,56,40,27,26,27,31,45,38,29,16,17,20,27,34,54,21,29,24,35,43,52,48,42,37,31,23,40,35,40,29,26,24,19,37,20,34,30,12,26,28,29,42,37,25,30,23,18,26,44,56,34,32,33,32,31,34,49,38,37,23,25,39,29,50,27,26,18,36,19,24,35,37,28,23,22,30,34,36,17,27,16,25,21,31,26,36,33,23,6,22,16,29,23,18,26,20,24,19,19,25,14,19,16,19,13,36,18,15,15,22,24,19,32,24,21,23,22,34,35,47,31,30,31,26,19,25,27,25,36,26,27,41,22,47,34,18,18,20,31,24,46,32,39,18,28,22,29,43,30,31,26,29,30,33,50,36,20,21,14,16,11,31,18,20,10,17,19,14,28,16,15,14,27,23,20,25,27,28,13,16,26,25,31,33,22,23,20,37,43,26,27,24,28,31,28,26,45,25,13,19,21,32,45,56,49,26,24,27,40,34,36,34,34,24,28,26,25,49,30,17,22,28,32,26,40,24,22,22,19,23,28,32,28,34,24,24,37,37,36,39,25,32,37,39,50,41,39,22,24,21,38,25,29,30,33,35,17,9,28,33,16,16,25,29,40,34,36,20,20,24,27,27,34,41,39,27,31,35,41,27,34,31,27,27,34,0,33,42,24,35,29,27,38,45,50,39,44,22,29,43,42,43,34,35,44,29,43,42,46,36,23,28,39,24,29,37,20,32,40,25,44,45,47,45,25,42,28,31,36,38,29,41,36,32,39,42,46,64,49,46,26,26,58,39,44,25,27,23,0,0,0,0,0,0,0,0,0,0,0,0,0,0,0,0,69,47,48,54,32,39,42,49,44,44,29,24,38,45,46,32,43,37,37,39,55,71,37,44,44,27,32,45,44,50,22,21,23,26,21,38,42,15,17,14,17,30,29
FG023,Finished Good W,6,12,7,12,6,14,11,22,15,5,8,10,6,9,13,14,8,9,7,8,8,13,9,7,13,15,12,0,13,7,4,14,13,9,9,9,4,6,14,8,4,7,15,4,10,5,9,15,12,4,5,9,12,4,15,11,9,11,7,12,9,9,13,17,19,3,7,19,12,9,9,20,11,13,10,20,4,15,10,9,8,8,6,12,6,8,5,9,6,8,8,13,7,16,10,18,14,7,12,15,9,13,8,9,10,10,6,15,6,6,8,5,9,5,8,5,2,7,9,5,8,9,11,7,11,17,11,11,16,7,7,5,7,4,16,15,8,12,9,5,9,12,6,4,9,6,9,9,10,6,8,4,7,10,17,14,10,10,5,12,9,19,11,6,12,7,8,10,12,8,13,6,7,10,11,12,11,8,7,4,6,10,16,4,9,11,14,12,12,17,19,6,15,15,9,9,8,12,16,11,9,6,7,13,16,14,14,12,9,8,9,13,9,7,10,15,13,14,10,9,9,11,8,9,18,13,15,11,17,10,7,10,12,15,11,14,10,7,11,13,4,8,6,10,12,15,23,10,17,10,11,9,14,12,8,12,9,9,12,21,9,17,13,12,10,10,9,16,3,10,3,18,11,10,6,15,13,14,16,10,11,15,9,9,8,13,11,9,13,10,9,10,11,5,16,14,18,6,6,7,10,11,5,6,5,6,10,8,11,11,6,12,8,6,13,13,9,5,13,8,14,8,15,11,10,8,12,3,17,17,15,15,11,5,10,12,13,11,9,15,15,11,5,16,10,13,6,10,10,6,8,15,9,16,8,6,12,15,7,5,12,5,16,11,10,12,7,7,11,12,11,17,18,10,10,6,9,10,10,13,13,11,6,11,17,13,12,10,9,8,17,10,0,14,4,1,12,4,19,8,11,12,6,5,8,6,7,7,4,5,9,6,6,5,14,5,11,8,5,7,10,7,4,5,9,7,4,9,9,9,13,8,12,7,4,5,7,2,10,9,11,10,19,11,14,7,9,10,7,9,21,4,8,7,8,16,13,10,11,9,7,15,9,11,6,9,18,7,8,17,7,6,9,12,3,12,1,9,11,8,7,6,4,15,11,12,10,9,3,9,11,7,13,6,4,5,13,9,10,4,5,8,11,15,10,11,10,12,12,7,5,11,15,12
FG024,Finished Good X,87,76,90,0,0,0,0,0,0,0,0,0,0,0,0,0,0,0,0,0,0,0,0,0,0,0,0,0,0,0,0,0,0,0,0,0,0,58,44,66,40,32,41,45,59,42,43,25,42,72,58,67,42,29,31,27,40,45,50,31,25,32,37,57,65,30,29,23,45,33,45,65,60,55,40,22,51,46,55,0,0,0,0,0,0,0,0,0,0,0,0,0,0,0,0,0,0,0,0,0,18,17,27,31,20,31,42,10,2,0,9,17,20,18,16,10,6,16,8,23,24,1,15,7,10,22,21,0,0,23,8,17,8,16,17,0,23,15,16,8,24,20,8,14,2,15,2,24,37,1,23,0,24,16,28,59,8,21,10,17,28,36,46,8,14,17,22,6,21,58,32,28,19,24,9,38,18,25,24,18,23,0,16,29,3,8,16,16,0,24,32,0,24,0,56,4,0,22,10,9,12,14,14,27,39,1,11,3,14,6,11,23,14,14,12,7,18,17,16,10,4,12,4,18,19,20,0,16,0,17,14,41,16,28,8,13,14,18,21,24,11,11,8,20,9,32,13,18,12,5,10,13,22,35,19,10,9,12,3,22,19,17,15,14,17,24,23,23,13,9,12,10,13,21,15,19,7,19,9,23,20,27,22,0,14,8,6,22,23,18,8,9,26,10,0,53,77,35,45,36,51,53,41,52,45,20,23,25,51,53,41,49,42,27,32,32,50,47,34,23,30,38,51,57,79,34,23,28,36,51,71,39,26,34,20,39,45,53,43,49,44,22,45,34,44,58,27,26,21,18,66,62,74,32,45,36,40,44,62,69,41,51,74,107,43,51,46,27,20,21,41,30,55,45,31,35,30,29,56,69,55,27,30,26,43,41,57,64,43,51,103,135,0,59,47,42,43,77,181,18,98,30,28,48,38,36,72,90,57,50,47,53,43,77,86,45,48,47,45,28,51,66,49,26,22,30,22,53,66,69,53,27,56,28,50,74,68,35,30,30,30,57,78,61,64,6,21,37,69,59,0,27,32,21,63,51,63,75,29,29,34,57,50,89,103,39,46,28,33,44,57,57,75,36,26,51,70,91,55,46,30,23,43,58,114,28,1,27,32,30,70,68,87,37,35,41,32,46,66,62,35,40,21,44,56,98,64,66,34,9,38,43,83,54
FG025,Finished Good Z,63,37,30,43,35,40,49,49,52,41,53,45,36,37,49,55,48,46,44,33,37,52,55,52,35,49,75,0,59,42,31,36,41,35,36,45,53,42,29,38,25,30,33,42,42,33,24,33,44,48,30,32,23,27,20,21,37,34,16,26,18,18,39,52,65,26,39,35,46,45,56,52,55,37,43,49,70,65,64,52,38,29,30,50,44,62,51,37,36,31,40,62,64,52,46,44,33,44,39,52,46,46,30,39,46,45,50,47,35,35,44,27,38,60,26,30,25,29,31,30,42,36,27,44,57,52,39,58,54,41,37,50,33,41,59,51,40,46,24,39,55,26,47,29,22,28,30,35,32,41,23,28,25,32,41,73,48,37,30,40,48,55,67,24,36,32,36,37,43,40,37,27,25,37,39,57,47,27,47,29,36,37,31,30,40,32,28,43,38,56,45,49,39,56,41,41,45,48,46,26,43,26,45,50,64,42,44,41,37,28,39,58,39,33,22,51,56,74,64,57,45,47,30,47,54,48,53,42,38,40,48,69,52,40,40,58,43,38,43,43,42,40,42,43,45,60,73,53,49,36,33,37,46,40,45,29,33,51,46,72,49,61,56,37,46,42,65,41,39,42,40,27,50,44,52,48,60,78,53,54,51,49,51,47,32,45,51,49,53,53,62,52,48,31,52,48,58,21,31,42,41,51,50,43,49,29,37,51,51,75,44,44,58,43,46,42,53,67,53,45,35,49,55,57,41,38,42,36,33,41,49,41,43,28,36,31,57,58,50,46,56,44,40,46,51,42,44,44,42,52,45,53,68,42,32,24,43,65,49,41,31,54,49,79,79,51,34,28,57,42,52,54,57,40,34,47,32,40,47,50,38,45,51,40,52,50,47,53,47,60,80,68,0,43,32,12,21,37,39,52,57,43,46,38,25,32,34,38,38,35,30,28,42,49,51,37,24,35,23,34,26,37,40,20,26,22,25,32,53,35,31,40,41,32,33,46,52,31,31,48,60,58,61,59,55,40,35,60,60,54,55,33,22,38,38,43,65,65,35,39,45,51,55,70,40,35,51,40,49,53,58,40,37,34,36,48,37,52,52,47,41,38,30,61,67,47,36,44,39,39,46,56,54,29,43,31,34,48,61,42,41,34,37,51,65,58,59,54,42,34,34,46,46,48
FG026,Finished Good A1,17,20,11,17,21,19,21,29,23,23,18,16,13,21,20,18,18,19,15,12,22,20,27,35,22,29,12,0,19,14,9,14,15,38,20,26,16,8,13,21,13,9,17,23,15,20,14,19,18,16,21,14,16,13,13,14,12,33,14,12,19,20,18,26,44,8,11,16,25,17,23,31,24,15,18,19,29,29,32,30,22,22,7,21,24,19,11,11,10,15,13,19,32,28,21,13,18,17,15,25,22,16,12,19,28,21,25,39,17,17,22,13,21,24,11,17,18,14,10,23,20,18,16,34,23,15,16,7,12,13,19,10,13,24,27,26,23,28,20,12,21,8,20,17,18,15,12,21,16,14,7,12,17,20,20,14,15,25,13,21,31,18,39,9,14,20,18,15,21,22,25,21,18,18,20,13,29,17,28,18,22,24,28,21,12,29,18,17,22,19,26,21,29,30,33,19,13,11,35,16,19,25,30,25,33,16,2,8,5,16,5,31,21,21,7,18,26,29,42,20,20,17,14,32,34,36,39,26,21,30,25,58,21,38,28,19,26,37,46,40,22,29,38,42,46,44,49,43,24,28,24,25,17,24,28,17,34,30,25,39,31,42,38,25,7,28,41,38,21,24,21,26,32,39,20,20,30,44,19,32,22,29,32,36,10,30,17,27,30,25,27,41,23,15,22,31,29,11,30,19,20,17,20,23,29,18,15,21,33,21,20,18,22,21,23,28,25,22,19,24,21,22,27,20,15,19,25,29,36,30,36,28,13,25,24,22,26,34,26,31,18,24,20,22,31,17,15,15,24,13,27,32,25,18,20,14,14,35,19,25,20,20,36,31,26,31,19,18,15,19,16,18,20,20,19,18,20,15,32,33,21,19,10,11,20,20,34,12,10,26,25,15,1,14,15,9,13,17,21,24,23,15,22,14,10,22,21,24,7,11,15,20,13,16,19,18,10,12,11,15,16,27,20,13,11,17,16,26,26,21,18,18,19,18,12,18,17,11,28,26,21,27,25,27,17,22,16,22,32,44,25,16,20,16,18,32,21,22,18,18,18,29,34,17,12,30,32,30,27,25,33,25,15,18,17,21,19,27,18,4,20,16,28,28,27,30,11,33,13,4,32,21,13,11,21,8,9,24,22,16,19,16,13,30,31,40,10,20,18,16,25,26,36,20
FG027,Finished Good B1,4,8,4,9,4,7,1,4,6,2,0,1,4,6,0,1,1,0,0,0,0,0,0,0,0,2,1,0,4,2,0,7,6,3,2,5,14,0,0,0,6,6,6,9,9,2,8,5,5,11,10,4,0,3,9,1,4,6,4,2,12,2,4,9,8,0,9,10,3,4,17,7,8,9,8,8,11,6,15,2,0,12,6,6,4,7,9,4,5,1,3,2,7,8,6,10,4,10,4,14,6,6,4,0,8,3,4,4,7,3,1,5,0,9,3,2,4,3,9,5,8,2,1,4,6,5,6,7,10,10,3,0,2,7,6,1,1,4,2,5,1,3,9,7,1,6,3,3,3,9,0,0,5,1,7,2,8,3,5,4,6,1,3,3,3,6,4,6,6,5,6,3,5,2,2,4,1,1,0,4,2,1,3,5,8,4,5,3,5,7,5,6,4,12,4,2,0,4,3,4,10,1,1,2,1,0,4,6,6,1,2,4,5,5,5,1,5,2,2,4,5,5,3,6,5,3,1,4,6,1,0,0,2,6,3,3,8,2,6,4,2,6,1,3,4,4,3,3,0,3,5,10,6,0,2,5,4,7,2,4,3,6,7,7,2,4,6,0,6,4,5,6,2,8,5,4,3,2,3,3,5,1,8,1,3,4,1,5,1,0,0,0,0,1,7,2,2,2,2,7,2,0,1,6,4,7,4,8,15,20,17,10,11,6,7,18,6,12,18,11,10,10,13,10,11,7,2,7,10,10,8,5,8,6,5,7,11,5,14,7,22,7,8,13,17,12,17,14,16,10,9,20,17,2,4,3,19,8,6,6,5,10,4,2,4,3,6,6,4,14,9,2,8,10,7,8,5,7,7,8,10,7,9,4,4,4,3,0,10,10,4,2,0,5,6,2,6,3,5,8,3,9,3,8,2,8,3,8,2,8,5,6,8,2,8,8,1,0,0,0,2,4,4,2,3,3,4,8,5,13,14,11,4,9,2,10,7,8,0,7,6,2,13,11,20,8,8,2,1,5,4,2,1,3,2,5,6,3,3,4,3,0,11,10,3,3,6,3,0,6,5,7,4,4,4,5,4,9,3,2,3,7,3,0,4,3,3,3,4,6,1,9,3,0,7,5,0,0,0,3,8,12,8,4,13,0,0,4,8,5,4,7,8,6
FG028,Finished Good C1,4,12,4,5,7,7,4,11,9,9,5,5,5,9,9,5,9,4,3,6,2,5,7,4,4,7,10,0,9,8,7,9,4,5,0,28,18,21,24,15,11,13,24,15,34,26,19,8,8,24,30,11,7,6,6,9,2,14,3,0,4,2,5,9,8,7,9,14,7,4,3,15,5,5,5,4,9,15,8,6,15,13,13,2,11,12,9,2,6,1,0,5,4,13,17,14,11,21,28,25,20,6,19,16,15,20,18,23,24,19,7,3,5,4,16,14,18,14,14,12,16,16,8,11,14,10,13,19,28,21,13,19,9,12,14,13,17,22,15,12,15,15,13,9,2,5,3,5,2,4,6,0,2,7,8,10,10,4,4,2,6,2,10,1,6,5,2,1,2,3,0,1,0,0,0,0,0,0,0,0,0,0,6,15,2,4,1,0,0,6,18,11,23,7,4,5,7,4,8,0,0,0,0,0,0,0,0,0,0,0,0,0,0,0,0,0,0,0,0,0,0,0,0,0,16,27,10,18,12,24,5,4,4,17,8,13,8,8,8,10,10,5,7,3,4,4,10,12,7,3,10,6,6,9,8,6,12,6,0,1,0,1,1,0,1,1,3,2,1,0,0,0,1,0,2,0,5,4,13,7,2,6,8,12,3,0,1,5,7,7,4,5,2,6,6,17,9,5,6,5,5,5,5,8,8,5,8,6,12,5,11,12,8,3,5,10,9,2,11,6,9,7,5,13,13,5,6,8,6,12,7,6,9,11,5,7,13,8,11,14,11,2,10,10,13,9,6,9,3,4,11,12,8,5,1,7,3,9,4,14,5,9,8,2,6,4,12,5,7,4,7,9,5,12,13,13,0,3,6,15,7,4,8,7,10,8,6,9,6,5,6,7,0,8,9,4,10,7,10,11,9,7,6,8,4,6,5,10,11,2,8,6,7,9,22,8,5,4,2,3,6,9,6,3,4,7,2,5,11,3,7,6,9,9,5,11,17,1,5,8,4,4,8,10,7,15,10,3,4,7,11,9,6,5,5,13,13,9,10,7,7,8,8,8,8,2,9,6,10,3,6,17,9,8,4,6,7,8,9,6,10,11,5,7,6,13,4,8,1,1,8,13,11,6,5,7,13,6,10,15,10,10,19,6,8,10,13,8,9,9,8,12,9,12
FG029,Finished Good D1,3,26,27,6,21,21,0,2,34,17,19,26,6,5,22,8,16,15,0,0,0,0,0,0,11,48,19,0,9,9,13,21,19,33,0,38,17,17,10,14,2,21,18,14,27,11,1,1,0,0,0,1,0,22,6,28,22,47,7,1,0,0,1,0,0,0,0,0,0,0,0,0,0,0,13,17,12,6,16,65,3,0,0,0,23,5,1,0,1,0,0,0,0,34,33,5,30,19,26,12,14,20,9,19,6,17,24,28,4,8,3,14,16,0,0,2,0,0,13,5,0,2,4,0,1,2,0,0,0,0,0,1,0,0,2,0,1,0,0,0,0,0,0,3,13,0,2,12,5,35,6,17,12,4,6,19,39,4,2,7,8,21,18,0,17,13,14,15,20,12,3,18,11,4,10,0,15,10,17,3,1,6,3,2,13,1,31,0,15,15,15,9,0,6,7,6,24,11,29,22,5,4,7,5,0,4,2,9,10,2,0,3,2,0,2,16,12,15,1,11,11,2,15,11,4,8,22,23,10,14,3,0,0,7,0,1,2,0,10,8,5,9,12,11,9,19,18,24,30,7,1,1,18,21,77,7,24,13,4,13,10,29,0,0,0,4,11,0,0,0,0,0,0,0,0,0,0,0,0,2,0,0,43,9,8,17,46,15,4,8,10,0,0,0,0,0,0,0,0,0,0,8,25,28,8,4,0,0,0,21,21,21,23,16,4,39,24,33,13,11,29,11,6,23,0,0,11,24,11,18,13,17,20,6,2,13,12,13,4,10,2,0,1,3,10,36,0,0,19,16,17,3,7,23,10,25,13,11,0,2,33,16,16,8,22,17,9,16,22,15,26,19,38,32,23,31,25,31,13,38,12,0,2,0,0,1,12,31,21,13,22,35,0,12,36,12,16,21,33,14,28,43,39,25,28,14,22,34,26,13,24,5,5,1,0,0,2,0,0,0,1,0,0,1,0,0,0,0,0,0,1,0,0,0,0,0,0,0,0,0,0,0,0,0,0,0,0,0,0,0,0,0,0,0,0,0,0,0,0,0,0,0,0,0,0,1,0,0,0,0,0,0,0,0,0,0,0,0,0,0,0,0,0,0,0,0,0,0,0,0,0,0,0,0,37,40,8,20,40,23,13,10,8,20,29,16,12,21,15,5,8,9,16,11
FG030,Finished Good F1,18,20,15,11,9,16,15,15,13,10,6,6,13,4,11,15,10,5,10,6,9,12,8,13,8,6,14,1,14,15,11,2,12,15,8,11,15,8,5,12,11,10,12,18,7,12,5,5,10,7,7,18,7,3,10,4,11,6,14,3,9,6,4,19,11,22,16,10,11,10,9,24,15,12,7,10,12,10,14,21,4,6,4,6,0,9,14,13,8,15,9,18,20,12,11,5,6,2,7,6,6,7,10,5,9,8,22,14,6,4,4,6,15,8,7,4,5,8,12,15,11,0,0,0,0,0,0,0,15,6,9,7,7,11,15,8,19,6,7,3,10,13,16,5,8,7,8,10,24,12,6,9,9,7,10,7,21,3,8,9,11,9,14,9,10,5,12,7,16,13,14,12,8,6,13,15,14,9,14,9,5,11,15,8,18,5,5,2,14,7,16,12,10,6,13,10,18,10,24,15,10,13,1,12,15,17,14,7,10,5,10,12,13,6,6,4,17,12,18,17,12,8,10,7,10,14,22,11,9,8,14,17,11,20,17,8,7,11,13,16,10,2,10,8,6,8,18,19,16,12,9,15,13,12,20,13,11,14,6,10,26,17,8,12,17,9,8,10,11,8,3,8,12,19,11,9,8,11,4,11,15,9,12,6,5,6,12,13,7,13,8,5,3,6,7,16,10,6,7,6,10,6,11,20,7,4,9,9,10,11,15,10,4,8,12,8,8,8,8,9,9,11,11,17,14,8,10,7,9,12,10,20,7,6,14,10,8,25,18,4,12,13,10,8,9,9,3,6,7,7,10,8,11,4,5,10,10,20,14,8,8,9,10,15,8,12,11,8,5,8,10,9,9,9,5,2,4,8,13,9,7,9,6,12,10,12,8,13,6,6,8,22,0,6,10,5,5,9,12,7,13,12,2,6,8,1,8,4,10,7,4,6,1,8,8,9,2,5,3,9,10,4,5,5,3,6,4,13,16,14,4,7,9,4,7,6,9,3,5,13,11,12,9,8,17,7,4,3,6,3,5,1,4,4,3,6,6,8,3,2,6,5,3,5,8,4,6,2,9,15,9,11,6,8,5,9,5,9,10,9,5,5,10,5,6,12,4,8,11,2,5,6,9,3,7,4,8,8,4,5,3,5,8,11,8,11,9,1,4,4,1,8,10,11
FG031,Finished Good LG1,0,0,0,0,0,0,0,0,0,0,0,0,0,0,0,0,0,9,6,3,6,1,7,6,0,4,4,0,5,7,13,5,0,0,0,0,8,4,5,0,5,3,11,11,8,5,4,10,3,8,16,21,12,5,2,7,11,4,8,10,0,13,7,6,11,3,6,10,9,5,7,5,8,9,13,5,10,7,21,11,11,4,2,6,5,6,5,9,22,10,4,2,26,7,10,11,11,1,9,15,13,31,10,1,3,7,12,17,18,5,11,1,9,8,8,12,6,3,3,4,11,19,9,8,5,4,14,18,33,2,19,13,5,28,50,60,23,299,29,15,6,0,0,0,0,0,0,0,0,0,0,0,0,0,0,0,0,0,0,0,0,0,0,0,0,0,0,0,0,0,0,0,0,0,0,0,0,0,0,0,0,0,0,0,0,0,0,0,0,0,0,0,0,0,0,11,16,30,60,27,80,22,17,12,20,40,11,21,15,25,6,15,22,13,16,15,18,32,13,35,48,13,10,9,17,25,43,41,13,15,22,33,25,67,20,35,26,40,17,42,65,54,23,24,37,48,35,68,63,49,30,31,40,30,58,52,46,24,24,51,41,78,46,41,50,16,36,48,34,33,16,21,21,33,18,56,54,29,21,39,32,35,60,73,39,25,6,10,23,39,42,32,24,26,8,38,53,42,29,24,23,23,34,41,23,30,21,31,39,47,79,32,35,0,0,0,0,0,0,0,0,0,0,0,0,0,0,0,0,0,0,0,0,0,0,0,0,0,0,0,0,0,0,0,0,0,0,0,0,0,0,0,0,0,0,0,0,0,0,0,0,0,0,0,0,0,0,0,0,0,0,0,0,0,0,0,0,0,0,0,0,0,0,0,0,0,0,0,0,0,0,0,0,0,0,0,0,0,0,0,0,0,0,0,0,0,0,0,0,17,29,9,11,21,43,29,21,35,22,14,12,37,26,11,16,25,7,15,21,42,23,30,19,21,12,14,27,20,8,19,25,13,47,17,25,27,19,9,13,33,30,17,18,9,10,21,31,33,31,18,27,10,24,29,7,21,16,9,23,6,7,28,15,13,19,19,8,14,13,17,4,11,4,6,15,41,6,15,10,14,0,0,0,0,0,0,0,0,0,0,0,0,0,0,0,0,0,0,0,0,0,0,0,0
FG032,Finished Good H1,6,5,7,4,2,7,5,16,12,10,4,10,5,8,4,10,8,8,9,5,8,4,0,3,3,5,2,0,5,3,8,4,8,5,1,11,12,11,16,5,6,5,4,3,9,9,2,5,13,18,12,6,7,5,2,6,9,2,9,6,7,7,3,6,7,4,15,6,12,12,6,15,15,8,2,11,22,16,11,11,14,11,4,5,1,7,23,15,13,9,11,5,8,16,13,8,8,10,16,10,13,19,2,7,14,7,11,20,14,10,6,2,5,9,17,1,4,4,7,10,11,10,4,6,5,7,16,27,28,10,23,26,15,14,22,26,14,16,17,6,8,5,19,18,11,5,8,8,10,4,3,5,8,7,8,27,23,12,18,11,11,4,16,10,13,16,13,9,5,11,24,15,7,10,15,11,20,13,17,2,6,8,10,9,8,12,9,17,18,29,20,28,20,19,26,20,27,18,20,19,16,5,18,21,17,24,5,10,7,13,16,15,16,13,7,12,48,70,42,21,13,12,16,22,29,34,20,28,20,23,17,29,30,27,9,6,7,7,13,8,13,3,8,6,4,7,6,10,0,7,9,1,8,13,3,7,10,2,7,0,0,0,0,0,0,0,0,0,0,0,0,0,0,0,0,8,9,6,13,3,3,22,3,0,0,0,8,0,0,4,0,8,8,7,5,4,14,1,0,0,1,2,5,7,6,0,0,6,7,9,9,31,28,23,8,7,7,12,12,3,15,12,10,6,14,5,4,6,4,5,8,12,5,4,4,7,5,4,10,9,9,0,4,6,11,8,6,1,2,21,6,6,17,14,6,7,8,6,9,3,8,7,5,1,0,8,10,15,3,1,7,7,11,6,4,7,8,6,9,12,7,15,9,6,20,5,6,6,9,9,16,40,0,21,15,11,14,21,33,11,26,29,30,25,26,22,26,42,28,23,24,9,39,22,12,9,22,15,15,15,20,24,16,13,18,19,20,20,31,27,29,34,21,3,19,25,16,15,23,20,34,35,30,28,30,18,28,22,18,21,36,25,13,12,21,12,31,25,17,14,30,32,16,21,36,29,18,32,28,28,37,35,27,37,22,24,19,32,19,25,17,25,14,23,22,14,7,12,8,16,20,32,35,14,13,19,8,23,35,36,20,24,5,17,7,10,4,11,22,27,29,24,10,28
FG033,Finished Good J1,5,9,7,8,19,10,6,10,13,1,3,1,0,0,0,1,0,0,0,0,0,0,0,0,0,0,0,0,0,0,0,0,6,17,2,4,36,9,16,6,2,16,3,8,17,14,16,9,6,0,0,0,1,0,0,0,0,0,0,0,0,0,4,0,0,0,0,0,0,0,0,0,0,28,6,10,16,16,33,16,8,0,0,7,22,5,18,5,2,4,4,10,3,26,18,20,11,9,18,12,13,11,4,23,2,2,2,10,5,12,5,10,7,15,3,3,0,8,12,3,0,3,5,9,12,15,5,7,7,26,16,20,9,6,17,9,9,28,22,3,4,7,15,1,12,6,0,6,2,7,0,2,10,2,3,33,4,1,2,2,5,8,9,4,6,7,32,10,4,21,13,1,5,5,0,1,17,3,6,6,2,2,1,14,5,4,24,6,0,8,4,16,11,7,8,3,11,9,4,15,0,2,1,3,13,2,4,2,3,3,1,7,5,2,1,2,0,0,0,7,37,3,5,6,7,14,3,0,2,3,4,2,4,3,2,0,4,2,0,1,0,2,1,0,0,0,0,1,1,1,0,1,0,0,0,0,0,0,0,0,0,0,0,0,0,0,0,0,0,0,0,0,0,0,0,0,0,0,0,13,3,6,18,20,20,6,9,9,15,22,18,9,11,0,6,1,4,3,0,0,3,5,7,15,8,5,2,1,0,0,4,1,6,0,1,20,21,28,20,11,9,9,17,13,13,1,3,1,0,10,4,5,6,10,0,10,16,3,0,5,9,0,49,15,18,20,43,6,22,25,13,29,34,20,10,10,16,14,19,9,7,14,7,3,12,10,6,9,1,20,14,12,23,28,4,27,42,21,17,24,29,6,9,15,5,8,4,4,5,1,2,20,0,11,7,11,9,8,10,15,12,29,5,18,22,16,12,45,17,10,13,11,12,14,21,14,15,4,8,9,11,14,7,8,6,3,27,22,21,23,9,11,38,7,9,36,7,16,12,5,11,23,23,19,52,20,10,8,15,3,8,8,2,17,18,15,2,8,5,15,10,41,9,23,24,31,9,9,4,12,18,8,22,35,6,14,8,14,3,5,8,6,2,5,12,6,3,4,4,1,2,5,11,8,11,9,0,11,0,0,2,4,2,6,10,3,0,0,0,1,0,0,0,0
